angle_deg,raw,distance_m,x_m,y_m
108.250,176,0.176,-0.055,0.167
108.385,179,0.179,-0.056,0.170
108.520,182,0.182,-0.058,0.173
108.655,185,0.185,-0.059,0.175
108.790,0,0.000,-0.000,0.000
108.925,170,0.170,-0.055,0.161
109.060,167,0.167,-0.055,0.158
109.195,167,0.167,-0.055,0.158
109.330,164,0.164,-0.054,0.155
109.465,160,0.160,-0.053,0.151
109.600,158,0.158,-0.053,0.149
109.735,156,0.156,-0.053,0.147
109.870,154,0.154,-0.052,0.145
110.005,153,0.153,-0.052,0.144
110.140,150,0.150,-0.052,0.141
110.275,149,0.149,-0.052,0.140
110.410,0,0.000,-0.000,0.000
110.545,0,0.000,-0.000,0.000
110.680,0,0.000,-0.000,0.000
110.815,0,0.000,-0.000,0.000
110.950,134,0.134,-0.048,0.125
111.085,134,0.134,-0.048,0.125
111.220,134,0.134,-0.049,0.125
111.355,134,0.134,-0.049,0.125
111.490,134,0.134,-0.049,0.125
111.625,134,0.134,-0.049,0.125
111.760,134,0.134,-0.050,0.124
111.895,0,0.000,-0.000,0.000
112.030,0,0.000,-0.000,0.000
112.165,0,0.000,-0.000,0.000
112.300,0,0.000,-0.000,0.000
112.435,121,0.121,-0.046,0.112
112.571,121,0.121,-0.046,0.112
112.706,123,0.123,-0.047,0.113
112.841,0,0.000,-0.000,0.000
112.976,0,0.000,-0.000,0.000
113.111,0,0.000,-0.000,0.000
113.246,102,0.102,-0.040,0.094
113.381,0,0.000,-0.000,0.000
113.516,0,0.000,-0.000,0.000
113.641,0,0.000,-0.000,0.000
113.776,0,0.000,-0.000,0.000
113.911,88,0.088,-0.036,0.080
114.046,92,0.092,-0.037,0.084
114.181,0,0.000,-0.000,0.000
114.316,88,0.088,-0.036,0.080
114.451,84,0.084,-0.035,0.076
114.586,81,0.081,-0.034,0.074
114.721,0,0.000,-0.000,0.000
114.856,72,0.072,-0.030,0.065
114.991,72,0.072,-0.030,0.065
115.126,72,0.072,-0.031,0.065
115.261,73,0.073,-0.031,0.066
115.396,73,0.073,-0.031,0.066
115.531,74,0.074,-0.032,0.067
115.666,73,0.073,-0.032,0.066
115.801,74,0.074,-0.032,0.067
115.936,75,0.075,-0.033,0.067
116.071,75,0.075,-0.033,0.067
116.206,76,0.076,-0.034,0.068
116.341,76,0.076,-0.034,0.068
116.476,76,0.076,-0.034,0.068
116.611,76,0.076,-0.034,0.068
116.746,76,0.076,-0.034,0.068
116.881,76,0.076,-0.034,0.068
117.016,76,0.076,-0.035,0.068
117.151,76,0.076,-0.035,0.068
117.286,76,0.076,-0.035,0.068
117.421,76,0.076,-0.035,0.067
117.556,0,0.000,-0.000,0.000
117.691,61,0.061,-0.028,0.054
117.826,61,0.061,-0.028,0.054
117.961,61,0.061,-0.029,0.054
118.096,61,0.061,-0.029,0.054
118.231,61,0.061,-0.029,0.054
118.366,61,0.061,-0.029,0.054
118.501,61,0.061,-0.029,0.054
118.636,61,0.061,-0.029,0.054
118.771,62,0.062,-0.030,0.054
118.906,62,0.062,-0.030,0.054
119.031,63,0.063,-0.031,0.055
119.168,63,0.063,-0.031,0.055
119.304,63,0.063,-0.031,0.055
119.441,65,0.065,-0.032,0.057
119.578,65,0.065,-0.032,0.057
119.714,66,0.066,-0.033,0.057
119.851,66,0.066,-0.033,0.057
119.988,0,0.000,-0.000,0.000
120.124,0,0.000,-0.000,0.000
120.261,0,0.000,-0.000,0.000
120.397,67,0.067,-0.034,0.058
120.534,67,0.067,-0.034,0.058
120.671,69,0.069,-0.035,0.059
120.807,69,0.069,-0.035,0.059
120.944,69,0.069,-0.035,0.059
121.081,69,0.069,-0.036,0.059
121.217,69,0.069,-0.036,0.059
121.354,69,0.069,-0.036,0.059
121.490,70,0.070,-0.037,0.060
121.627,70,0.070,-0.037,0.060
121.764,70,0.070,-0.037,0.060
121.900,71,0.071,-0.038,0.060
122.037,71,0.071,-0.038,0.060
122.173,71,0.071,-0.038,0.060
122.310,71,0.071,-0.038,0.060
122.447,71,0.071,-0.038,0.060
122.583,71,0.071,-0.038,0.060
122.720,71,0.071,-0.038,0.060
122.857,72,0.072,-0.039,0.060
122.993,72,0.072,-0.039,0.060
123.130,72,0.072,-0.039,0.060
123.266,72,0.072,-0.039,0.060
123.403,72,0.072,-0.040,0.060
123.540,72,0.072,-0.040,0.060
123.676,73,0.073,-0.040,0.061
123.813,0,0.000,-0.000,0.000
123.950,0,0.000,-0.000,0.000
124.086,0,0.000,-0.000,0.000
124.223,0,0.000,-0.000,0.000
124.359,59,0.059,-0.033,0.049
124.484,0,0.000,-0.000,0.000
124.616,73,0.073,-0.041,0.060
124.748,0,0.000,-0.000,0.000
124.880,0,0.000,-0.000,0.000
125.012,0,0.000,-0.000,0.000
125.143,59,0.059,-0.034,0.048
125.275,0,0.000,-0.000,0.000
125.407,72,0.072,-0.042,0.059
125.539,71,0.071,-0.041,0.058
125.671,70,0.070,-0.041,0.057
125.802,0,0.000,-0.000,0.000
125.934,0,0.000,-0.000,0.000
126.066,0,0.000,-0.000,0.000
126.198,75,0.075,-0.044,0.061
126.330,76,0.076,-0.045,0.061
126.462,75,0.075,-0.045,0.060
126.593,74,0.074,-0.044,0.059
126.725,75,0.075,-0.045,0.060
126.857,75,0.075,-0.045,0.060
126.989,74,0.074,-0.045,0.059
127.121,75,0.075,-0.045,0.060
127.252,75,0.075,-0.045,0.060
127.384,74,0.074,-0.045,0.059
127.516,74,0.074,-0.045,0.059
127.648,76,0.076,-0.046,0.060
127.780,0,0.000,-0.000,0.000
127.911,63,0.063,-0.039,0.050
128.043,67,0.067,-0.041,0.053
128.175,68,0.068,-0.042,0.053
128.307,69,0.069,-0.043,0.054
128.439,70,0.070,-0.044,0.055
128.571,70,0.070,-0.044,0.055
128.702,71,0.071,-0.044,0.055
128.834,73,0.073,-0.046,0.057
128.966,0,0.000,-0.000,0.000
129.098,0,0.000,-0.000,0.000
129.230,0,0.000,-0.000,0.000
129.361,66,0.066,-0.042,0.051
129.493,0,0.000,-0.000,0.000
129.625,72,0.072,-0.046,0.055
129.766,71,0.071,-0.045,0.055
129.901,74,0.074,-0.047,0.057
130.036,75,0.075,-0.048,0.057
130.171,75,0.075,-0.048,0.057
130.306,77,0.077,-0.050,0.059
130.441,76,0.076,-0.049,0.058
130.576,0,0.000,-0.000,0.000
130.711,64,0.064,-0.042,0.049
130.846,63,0.063,-0.041,0.048
130.981,64,0.064,-0.042,0.048
131.116,0,0.000,-0.000,0.000
131.251,0,0.000,-0.000,0.000
131.386,0,0.000,-0.000,0.000
131.521,0,0.000,-0.000,0.000
131.656,0,0.000,-0.000,0.000
131.791,79,0.079,-0.053,0.059
131.926,80,0.080,-0.053,0.060
132.061,75,0.075,-0.050,0.056
132.196,0,0.000,-0.000,0.000
132.331,80,0.080,-0.054,0.059
132.466,75,0.075,-0.051,0.055
132.601,79,0.079,-0.053,0.058
132.736,80,0.080,-0.054,0.059
132.871,81,0.081,-0.055,0.059
133.006,82,0.082,-0.056,0.060
133.141,82,0.082,-0.056,0.060
133.276,83,0.083,-0.057,0.060
133.411,83,0.083,-0.057,0.060
133.546,0,0.000,-0.000,0.000
133.681,95,0.095,-0.066,0.069
133.816,95,0.095,-0.066,0.069
133.951,95,0.095,-0.066,0.068
134.086,94,0.094,-0.065,0.068
134.221,0,0.000,-0.000,0.000
134.356,105,0.105,-0.073,0.075
134.491,0,0.000,-0.000,0.000
134.626,119,0.119,-0.084,0.085
134.761,118,0.118,-0.083,0.084
134.896,0,0.000,-0.000,0.000
135.031,122,0.122,-0.086,0.086
135.219,0,0.000,-0.000,0.000
135.354,129,0.129,-0.092,0.091
135.489,0,0.000,-0.000,0.000
135.624,0,0.000,-0.000,0.000
135.759,0,0.000,-0.000,0.000
135.894,153,0.153,-0.110,0.106
136.029,153,0.153,-0.110,0.106
136.164,152,0.152,-0.110,0.105
136.299,152,0.152,-0.110,0.105
136.434,152,0.152,-0.110,0.105
136.569,0,0.000,-0.000,0.000
136.704,166,0.166,-0.121,0.114
136.839,166,0.166,-0.121,0.114
136.974,166,0.166,-0.121,0.113
137.109,156,0.156,-0.114,0.106
137.244,0,0.000,-0.000,0.000
137.379,159,0.159,-0.117,0.108
137.514,149,0.149,-0.110,0.101
137.649,151,0.151,-0.112,0.102
137.784,159,0.159,-0.118,0.107
137.919,148,0.148,-0.110,0.099
138.054,152,0.152,-0.113,0.102
138.189,152,0.152,-0.113,0.101
138.324,153,0.153,-0.114,0.102
138.459,154,0.154,-0.115,0.102
138.594,154,0.154,-0.116,0.102
138.729,153,0.153,-0.115,0.101
138.864,152,0.152,-0.114,0.100
138.999,0,0.000,-0.000,0.000
139.134,0,0.000,-0.000,0.000
139.269,0,0.000,-0.000,0.000
139.404,0,0.000,-0.000,0.000
139.539,157,0.157,-0.119,0.102
139.674,167,0.167,-0.127,0.108
139.809,166,0.166,-0.127,0.107
139.944,164,0.164,-0.126,0.106
140.079,163,0.163,-0.125,0.105
140.214,0,0.000,-0.000,0.000
140.349,175,0.175,-0.135,0.112
140.484,176,0.176,-0.136,0.112
140.609,176,0.176,-0.136,0.112
140.745,176,0.176,-0.136,0.111
140.880,174,0.174,-0.135,0.110
141.016,185,0.185,-0.144,0.116
141.151,182,0.182,-0.142,0.114
141.286,179,0.179,-0.140,0.112
141.422,189,0.189,-0.148,0.118
141.557,186,0.186,-0.146,0.116
141.693,183,0.183,-0.144,0.113
141.828,194,0.194,-0.153,0.120
141.964,192,0.192,-0.151,0.118
142.099,190,0.190,-0.150,0.117
142.234,191,0.191,-0.151,0.117
142.370,202,0.202,-0.160,0.123
142.505,202,0.202,-0.160,0.123
142.641,207,0.207,-0.165,0.126
142.776,202,0.202,-0.161,0.122
142.911,204,0.204,-0.163,0.123
143.047,0,0.000,-0.000,0.000
143.182,219,0.219,-0.175,0.131
143.318,219,0.219,-0.176,0.131
143.453,221,0.221,-0.178,0.132
143.589,206,0.206,-0.166,0.122
143.724,215,0.215,-0.173,0.127
143.859,215,0.215,-0.174,0.127
143.995,215,0.215,-0.174,0.126
144.130,211,0.211,-0.171,0.124
144.266,216,0.216,-0.175,0.126
144.401,217,0.217,-0.176,0.126
144.536,216,0.216,-0.176,0.125
144.672,217,0.217,-0.177,0.125
144.807,214,0.214,-0.175,0.123
144.943,219,0.219,-0.179,0.126
145.078,218,0.218,-0.179,0.125
145.214,216,0.216,-0.177,0.123
145.349,215,0.215,-0.177,0.122
145.484,215,0.215,-0.177,0.122
145.620,213,0.213,-0.176,0.120
145.755,213,0.213,-0.176,0.120
145.891,212,0.212,-0.176,0.119
146.016,212,0.212,-0.176,0.119
146.152,225,0.225,-0.187,0.125
146.289,223,0.223,-0.186,0.124
146.425,220,0.220,-0.183,0.122
146.562,230,0.230,-0.192,0.127
146.699,217,0.217,-0.181,0.119
146.835,218,0.218,-0.182,0.119
146.972,219,0.219,-0.184,0.119
147.109,207,0.207,-0.174,0.112
147.245,210,0.210,-0.177,0.114
147.382,198,0.198,-0.167,0.107
147.518,204,0.204,-0.172,0.110
147.655,193,0.193,-0.163,0.103
147.792,0,0.000,-0.000,0.000
147.928,176,0.176,-0.149,0.093
148.065,0,0.000,-0.000,0.000
148.202,162,0.162,-0.138,0.085
148.338,153,0.153,-0.130,0.080
148.475,0,0.000,-0.000,0.000
148.611,124,0.124,-0.106,0.065
148.748,130,0.130,-0.111,0.067
148.885,137,0.137,-0.117,0.071
149.021,0,0.000,-0.000,0.000
149.158,103,0.103,-0.088,0.053
149.294,98,0.098,-0.084,0.050
149.431,0,0.000,-0.000,0.000
149.568,103,0.103,-0.089,0.052
149.704,98,0.098,-0.085,0.049
149.841,0,0.000,-0.000,0.000
149.978,110,0.110,-0.095,0.055
150.114,0,0.000,-0.000,0.000
150.251,117,0.117,-0.102,0.058
150.387,117,0.117,-0.102,0.058
150.524,110,0.110,-0.096,0.054
150.661,0,0.000,-0.000,0.000
150.797,0,0.000,-0.000,0.000
150.934,0,0.000,-0.000,0.000
151.071,0,0.000,-0.000,0.000
151.207,115,0.115,-0.101,0.055
151.344,0,0.000,-0.000,0.000
151.469,0,0.000,-0.000,0.000
151.601,0,0.000,-0.000,0.000
151.733,0,0.000,-0.000,0.000
151.865,120,0.120,-0.106,0.057
151.998,0,0.000,-0.000,0.000
152.130,96,0.096,-0.085,0.045
152.262,0,0.000,-0.000,0.000
152.394,0,0.000,-0.000,0.000
152.526,0,0.000,-0.000,0.000
152.659,0,0.000,-0.000,0.000
152.791,0,0.000,-0.000,0.000
152.923,0,0.000,-0.000,0.000
153.055,111,0.111,-0.099,0.050
153.188,0,0.000,-0.000,0.000
153.320,0,0.000,-0.000,0.000
153.452,0,0.000,-0.000,0.000
153.584,106,0.106,-0.095,0.047
153.716,0,0.000,-0.000,0.000
153.849,0,0.000,-0.000,0.000
153.981,0,0.000,-0.000,0.000
154.113,0,0.000,-0.000,0.000
154.245,0,0.000,-0.000,0.000
154.377,0,0.000,-0.000,0.000
154.510,0,0.000,-0.000,0.000
154.642,0,0.000,-0.000,0.000
154.774,0,0.000,-0.000,0.000
154.906,0,0.000,-0.000,0.000
155.038,0,0.000,-0.000,0.000
155.171,0,0.000,-0.000,0.000
155.303,0,0.000,-0.000,0.000
155.435,0,0.000,-0.000,0.000
155.567,0,0.000,-0.000,0.000
155.700,79,0.079,-0.072,0.033
155.832,0,0.000,-0.000,0.000
155.964,0,0.000,-0.000,0.000
156.096,0,0.000,-0.000,0.000
156.228,0,0.000,-0.000,0.000
156.361,0,0.000,-0.000,0.000
156.493,0,0.000,-0.000,0.000
156.625,0,0.000,-0.000,0.000
156.750,97,0.097,-0.089,0.038
156.887,101,0.101,-0.093,0.040
157.024,105,0.105,-0.097,0.041
157.161,101,0.101,-0.093,0.039
157.298,0,0.000,-0.000,0.000
157.435,0,0.000,-0.000,0.000
157.572,0,0.000,-0.000,0.000
157.709,0,0.000,-0.000,0.000
157.846,0,0.000,-0.000,0.000
157.983,0,0.000,-0.000,0.000
158.120,0,0.000,-0.000,0.000
158.257,0,0.000,-0.000,0.000
158.394,0,0.000,-0.000,0.000
158.531,0,0.000,-0.000,0.000
158.668,0,0.000,-0.000,0.000
158.805,0,0.000,-0.000,0.000
158.942,0,0.000,-0.000,0.000
159.079,0,0.000,-0.000,0.000
159.216,0,0.000,-0.000,0.000
159.353,0,0.000,-0.000,0.000
159.490,0,0.000,-0.000,0.000
159.627,0,0.000,-0.000,0.000
159.764,0,0.000,-0.000,0.000
159.901,0,0.000,-0.000,0.000
160.038,0,0.000,-0.000,0.000
160.175,0,0.000,-0.000,0.000
160.312,0,0.000,-0.000,0.000
160.450,91,0.091,-0.086,0.030
160.587,0,0.000,-0.000,0.000
160.724,101,0.101,-0.095,0.033
160.861,0,0.000,-0.000,0.000
160.998,0,0.000,-0.000,0.000
161.135,0,0.000,-0.000,0.000
161.272,97,0.097,-0.092,0.031
161.409,101,0.101,-0.096,0.032
161.546,0,0.000,-0.000,0.000
161.683,0,0.000,-0.000,0.000
161.820,0,0.000,-0.000,0.000
161.957,0,0.000,-0.000,0.000
162.094,0,0.000,-0.000,0.000
162.219,0,0.000,-0.000,0.000
162.354,0,0.000,-0.000,0.000
162.489,0,0.000,-0.000,0.000
162.624,0,0.000,-0.000,0.000
162.759,87,0.087,-0.083,0.026
162.894,0,0.000,-0.000,0.000
163.029,92,0.092,-0.088,0.027
163.164,88,0.088,-0.084,0.025
163.299,0,0.000,-0.000,0.000
163.434,0,0.000,-0.000,0.000
163.569,0,0.000,-0.000,0.000
163.704,0,0.000,-0.000,0.000
163.839,0,0.000,-0.000,0.000
163.974,0,0.000,-0.000,0.000
164.109,77,0.077,-0.074,0.021
164.244,0,0.000,-0.000,0.000
164.379,0,0.000,-0.000,0.000
164.514,0,0.000,-0.000,0.000
164.649,97,0.097,-0.094,0.026
164.784,0,0.000,-0.000,0.000
164.919,0,0.000,-0.000,0.000
165.054,0,0.000,-0.000,0.000
165.189,0,0.000,-0.000,0.000
165.324,0,0.000,-0.000,0.000
165.459,0,0.000,-0.000,0.000
165.594,0,0.000,-0.000,0.000
165.729,0,0.000,-0.000,0.000
165.864,0,0.000,-0.000,0.000
165.999,0,0.000,-0.000,0.000
166.134,0,0.000,-0.000,0.000
166.269,0,0.000,-0.000,0.000
166.404,0,0.000,-0.000,0.000
166.539,0,0.000,-0.000,0.000
166.674,0,0.000,-0.000,0.000
166.809,0,0.000,-0.000,0.000
166.944,0,0.000,-0.000,0.000
167.079,0,0.000,-0.000,0.000
167.214,0,0.000,-0.000,0.000
167.349,0,0.000,-0.000,0.000
167.484,0,0.000,-0.000,0.000
167.609,0,0.000,-0.000,0.000
167.745,0,0.000,-0.000,0.000
167.880,0,0.000,-0.000,0.000
168.016,0,0.000,-0.000,0.000
168.151,0,0.000,-0.000,0.000
168.286,103,0.103,-0.101,0.021
168.422,96,0.096,-0.094,0.019
168.557,96,0.096,-0.094,0.019
168.693,101,0.101,-0.099,0.020
168.828,0,0.000,-0.000,0.000
168.964,109,0.109,-0.107,0.021
169.099,103,0.103,-0.101,0.019
169.234,96,0.096,-0.094,0.018
169.370,0,0.000,-0.000,0.000
169.505,0,0.000,-0.000,0.000
169.641,0,0.000,-0.000,0.000
169.776,0,0.000,-0.000,0.000
169.911,110,0.110,-0.108,0.019
170.047,103,0.103,-0.101,0.018
170.182,0,0.000,-0.000,0.000
170.318,91,0.091,-0.090,0.015
170.453,0,0.000,-0.000,0.000
170.589,103,0.103,-0.102,0.017
170.724,0,0.000,-0.000,0.000
170.859,117,0.117,-0.116,0.019
170.995,0,0.000,-0.000,0.000
171.130,0,0.000,-0.000,0.000
171.266,0,0.000,-0.000,0.000
171.401,0,0.000,-0.000,0.000
171.536,0,0.000,-0.000,0.000
171.672,0,0.000,-0.000,0.000
171.807,0,0.000,-0.000,0.000
171.943,0,0.000,-0.000,0.000
172.078,0,0.000,-0.000,0.000
172.214,0,0.000,-0.000,0.000
172.349,0,0.000,-0.000,0.000
172.484,0,0.000,-0.000,0.000
172.620,203,0.203,-0.201,0.026
172.755,216,0.216,-0.214,0.027
172.891,207,0.207,-0.205,0.026
173.078,218,0.218,-0.216,0.026
173.214,210,0.210,-0.209,0.025
173.349,206,0.206,-0.205,0.024
173.484,0,0.000,-0.000,0.000
173.620,240,0.240,-0.239,0.027
173.755,240,0.240,-0.239,0.026
173.891,248,0.248,-0.247,0.026
174.026,252,0.252,-0.251,0.026
174.161,242,0.242,-0.241,0.025
174.297,256,0.256,-0.255,0.025
174.432,260,0.260,-0.259,0.025
174.568,273,0.273,-0.272,0.026
174.703,270,0.270,-0.269,0.025
174.839,275,0.275,-0.274,0.025
174.974,286,0.286,-0.285,0.025
175.109,287,0.287,-0.286,0.024
175.245,292,0.292,-0.291,0.024
175.380,280,0.280,-0.279,0.023
175.516,284,0.284,-0.283,0.022
175.651,290,0.290,-0.289,0.022
175.786,293,0.293,-0.292,0.022
175.922,287,0.287,-0.286,0.020
176.057,292,0.292,-0.291,0.020
176.193,292,0.292,-0.291,0.019
176.328,294,0.294,-0.293,0.019
176.464,295,0.295,-0.294,0.018
176.599,297,0.297,-0.296,0.018
176.734,300,0.300,-0.300,0.017
176.870,295,0.295,-0.295,0.016
177.005,302,0.302,-0.302,0.016
177.141,305,0.305,-0.305,0.015
177.276,307,0.307,-0.307,0.015
177.411,309,0.309,-0.309,0.014
177.547,311,0.311,-0.311,0.013
177.682,298,0.298,-0.298,0.012
177.818,296,0.296,-0.296,0.011
177.953,306,0.306,-0.306,0.011
178.089,306,0.306,-0.306,0.010
178.224,307,0.307,-0.307,0.010
178.359,313,0.313,-0.313,0.009
178.484,318,0.318,-0.318,0.008
178.616,315,0.315,-0.315,0.008
178.748,320,0.320,-0.320,0.007
178.880,321,0.321,-0.321,0.006
179.012,308,0.308,-0.308,0.005
179.143,310,0.310,-0.310,0.005
179.275,308,0.308,-0.308,0.004
179.407,317,0.317,-0.317,0.003
179.539,321,0.321,-0.321,0.003
179.671,326,0.326,-0.326,0.002
179.802,323,0.323,-0.323,0.001
179.934,326,0.326,-0.326,0.000
180.066,323,0.323,-0.323,-0.000
180.198,341,0.341,-0.341,-0.001
180.330,325,0.325,-0.325,-0.002
180.462,333,0.333,-0.333,-0.003
180.593,331,0.331,-0.331,-0.003
180.725,332,0.332,-0.332,-0.004
180.857,333,0.333,-0.333,-0.005
180.989,334,0.334,-0.334,-0.006
181.121,335,0.335,-0.335,-0.007
181.252,337,0.337,-0.337,-0.007
181.384,327,0.327,-0.327,-0.008
181.516,346,0.346,-0.346,-0.009
181.648,336,0.336,-0.336,-0.010
181.780,340,0.340,-0.340,-0.011
181.911,343,0.343,-0.343,-0.011
182.043,348,0.348,-0.348,-0.012
182.175,339,0.339,-0.339,-0.013
182.307,334,0.334,-0.334,-0.013
182.439,346,0.346,-0.346,-0.015
182.571,344,0.344,-0.344,-0.015
182.702,347,0.347,-0.347,-0.016
182.834,339,0.339,-0.339,-0.017
182.966,342,0.342,-0.342,-0.018
183.098,345,0.345,-0.344,-0.019
183.230,341,0.341,-0.340,-0.019
183.361,350,0.350,-0.349,-0.021
183.493,353,0.353,-0.352,-0.022
183.625,362,0.362,-0.361,-0.023
183.812,365,0.365,-0.364,-0.024
183.947,354,0.354,-0.353,-0.024
184.082,356,0.356,-0.355,-0.025
184.216,363,0.363,-0.362,-0.027
184.351,360,0.360,-0.359,-0.027
184.486,359,0.359,-0.358,-0.028
184.620,379,0.379,-0.378,-0.031
184.755,377,0.377,-0.376,-0.031
184.889,376,0.376,-0.375,-0.032
185.024,376,0.376,-0.375,-0.033
185.159,365,0.365,-0.364,-0.033
185.293,368,0.368,-0.366,-0.034
185.428,372,0.372,-0.370,-0.035
185.562,368,0.368,-0.366,-0.036
185.697,379,0.379,-0.377,-0.038
185.832,374,0.374,-0.372,-0.038
185.966,372,0.372,-0.370,-0.039
186.101,372,0.372,-0.370,-0.040
186.236,372,0.372,-0.370,-0.040
186.370,378,0.378,-0.376,-0.042
186.505,373,0.373,-0.371,-0.042
186.639,372,0.372,-0.370,-0.043
186.774,378,0.378,-0.375,-0.045
186.909,387,0.387,-0.384,-0.047
187.043,384,0.384,-0.381,-0.047
187.178,381,0.381,-0.378,-0.048
187.312,377,0.377,-0.374,-0.048
187.447,390,0.390,-0.387,-0.051
187.582,391,0.391,-0.388,-0.052
187.716,378,0.378,-0.375,-0.051
187.851,392,0.392,-0.388,-0.054
187.986,390,0.390,-0.386,-0.054
188.120,377,0.377,-0.373,-0.053
188.255,369,0.369,-0.365,-0.053
188.389,365,0.365,-0.361,-0.053
188.524,355,0.355,-0.351,-0.053
188.659,363,0.363,-0.359,-0.055
188.793,365,0.365,-0.361,-0.056
188.928,369,0.369,-0.365,-0.057
189.062,370,0.370,-0.365,-0.058
189.188,372,0.372,-0.367,-0.059
189.322,370,0.370,-0.365,-0.060
189.457,375,0.375,-0.370,-0.062
189.591,358,0.358,-0.353,-0.060
189.726,359,0.359,-0.354,-0.061
189.861,359,0.359,-0.354,-0.061
189.995,359,0.359,-0.354,-0.062
190.130,359,0.359,-0.353,-0.063
190.264,359,0.359,-0.353,-0.064
190.399,359,0.359,-0.353,-0.065
190.534,359,0.359,-0.353,-0.066
190.668,359,0.359,-0.353,-0.066
190.803,359,0.359,-0.353,-0.067
190.938,359,0.359,-0.352,-0.068
191.072,359,0.359,-0.352,-0.069
191.207,345,0.345,-0.338,-0.067
191.341,345,0.345,-0.338,-0.068
191.476,359,0.359,-0.352,-0.071
191.611,359,0.359,-0.352,-0.072
191.745,346,0.346,-0.339,-0.070
191.880,359,0.359,-0.351,-0.074
192.014,359,0.359,-0.351,-0.075
192.149,359,0.359,-0.351,-0.076
192.284,359,0.359,-0.351,-0.076
192.418,359,0.359,-0.351,-0.077
192.553,359,0.359,-0.350,-0.078
192.688,359,0.359,-0.350,-0.079
192.822,346,0.346,-0.337,-0.077
192.957,359,0.359,-0.350,-0.080
193.091,359,0.359,-0.350,-0.081
193.226,346,0.346,-0.337,-0.079
193.361,346,0.346,-0.337,-0.080
193.495,346,0.346,-0.336,-0.081
193.630,346,0.346,-0.336,-0.082
193.764,346,0.346,-0.336,-0.082
193.899,345,0.345,-0.335,-0.083
194.034,345,0.345,-0.335,-0.084
194.168,345,0.345,-0.335,-0.084
194.303,349,0.349,-0.338,-0.086
194.438,345,0.345,-0.334,-0.086
194.562,345,0.345,-0.334,-0.087
194.699,345,0.345,-0.334,-0.088
194.835,345,0.345,-0.334,-0.088
194.971,346,0.346,-0.334,-0.089
195.107,346,0.346,-0.334,-0.090
195.244,346,0.346,-0.334,-0.091
195.380,346,0.346,-0.334,-0.092
195.516,347,0.347,-0.334,-0.093
195.652,333,0.333,-0.321,-0.090
195.788,336,0.336,-0.323,-0.091
195.925,337,0.337,-0.324,-0.092
196.061,339,0.339,-0.326,-0.094
196.197,340,0.340,-0.327,-0.095
196.333,341,0.341,-0.327,-0.096
196.470,342,0.342,-0.328,-0.097
196.606,341,0.341,-0.327,-0.097
196.742,343,0.343,-0.328,-0.099
196.878,342,0.342,-0.327,-0.099
197.014,343,0.343,-0.328,-0.100
197.151,342,0.342,-0.327,-0.101
197.287,341,0.341,-0.326,-0.101
197.423,340,0.340,-0.324,-0.102
197.559,338,0.338,-0.322,-0.102
197.696,337,0.337,-0.321,-0.102
197.832,336,0.336,-0.320,-0.103
197.968,335,0.335,-0.319,-0.103
198.104,335,0.335,-0.318,-0.104
198.240,334,0.334,-0.317,-0.105
198.377,335,0.335,-0.318,-0.106
198.513,334,0.334,-0.317,-0.106
198.649,333,0.333,-0.316,-0.106
198.785,332,0.332,-0.314,-0.107
198.921,332,0.332,-0.314,-0.108
199.058,331,0.331,-0.313,-0.108
199.194,331,0.331,-0.313,-0.109
199.330,331,0.331,-0.312,-0.110
199.466,332,0.332,-0.313,-0.111
199.603,346,0.346,-0.326,-0.116
199.739,343,0.343,-0.323,-0.116
199.875,350,0.350,-0.329,-0.119
200.000,331,0.331,-0.311,-0.113
200.134,332,0.332,-0.312,-0.114
200.268,334,0.334,-0.313,-0.116
200.403,339,0.339,-0.318,-0.118
200.537,337,0.337,-0.316,-0.118
200.671,325,0.325,-0.304,-0.115
200.805,339,0.339,-0.317,-0.120
200.940,329,0.329,-0.307,-0.118
201.074,330,0.330,-0.308,-0.119
201.208,332,0.332,-0.310,-0.120
201.342,331,0.331,-0.308,-0.120
201.476,331,0.331,-0.308,-0.121
201.611,332,0.332,-0.309,-0.122
201.745,331,0.331,-0.307,-0.123
201.879,332,0.332,-0.308,-0.124
202.013,332,0.332,-0.308,-0.124
202.147,332,0.332,-0.308,-0.125
202.282,333,0.333,-0.308,-0.126
202.416,332,0.332,-0.307,-0.127
202.550,333,0.333,-0.308,-0.128
202.684,334,0.334,-0.308,-0.129
202.819,336,0.336,-0.310,-0.130
202.953,337,0.337,-0.310,-0.131
203.087,338,0.338,-0.311,-0.133
203.221,326,0.326,-0.300,-0.129
203.355,327,0.327,-0.300,-0.130
203.490,328,0.328,-0.301,-0.131
203.624,328,0.328,-0.301,-0.131
203.758,329,0.329,-0.301,-0.133
203.892,330,0.330,-0.302,-0.134
204.026,316,0.316,-0.289,-0.129
204.161,330,0.330,-0.301,-0.135
204.295,316,0.316,-0.288,-0.130
204.429,331,0.331,-0.301,-0.137
204.563,331,0.331,-0.301,-0.138
204.698,316,0.316,-0.287,-0.132
204.832,328,0.328,-0.298,-0.138
204.966,328,0.328,-0.297,-0.138
205.100,328,0.328,-0.297,-0.139
205.234,327,0.327,-0.296,-0.139
205.359,326,0.326,-0.295,-0.140
205.495,326,0.326,-0.294,-0.140
205.630,325,0.325,-0.293,-0.141
205.766,324,0.324,-0.292,-0.141
205.901,324,0.324,-0.291,-0.142
206.036,321,0.321,-0.288,-0.141
206.172,319,0.319,-0.286,-0.141
206.307,331,0.331,-0.297,-0.147
206.443,327,0.327,-0.293,-0.146
206.578,321,0.321,-0.287,-0.144
206.714,317,0.317,-0.283,-0.143
206.849,317,0.317,-0.283,-0.143
206.984,317,0.317,-0.282,-0.144
207.120,317,0.317,-0.282,-0.145
207.255,317,0.317,-0.282,-0.145
207.391,318,0.318,-0.282,-0.146
207.526,318,0.318,-0.282,-0.147
207.661,318,0.318,-0.282,-0.148
207.797,318,0.318,-0.281,-0.148
207.932,319,0.319,-0.282,-0.149
208.068,317,0.317,-0.280,-0.149
208.203,317,0.317,-0.279,-0.150
208.339,317,0.317,-0.279,-0.150
208.474,317,0.317,-0.279,-0.151
208.609,317,0.317,-0.278,-0.152
208.745,317,0.317,-0.278,-0.152
208.880,318,0.318,-0.278,-0.154
209.016,318,0.318,-0.278,-0.154
209.151,318,0.318,-0.278,-0.155
209.286,317,0.317,-0.276,-0.155
209.422,318,0.318,-0.277,-0.156
209.557,318,0.318,-0.277,-0.157
209.693,318,0.318,-0.276,-0.158
209.828,317,0.317,-0.275,-0.158
209.964,320,0.320,-0.277,-0.160
210.099,323,0.323,-0.279,-0.162
210.234,325,0.325,-0.281,-0.164
210.370,324,0.324,-0.280,-0.164
210.505,325,0.325,-0.280,-0.165
210.641,325,0.325,-0.280,-0.166
210.766,310,0.310,-0.266,-0.159
210.900,323,0.323,-0.277,-0.166
211.034,323,0.323,-0.277,-0.167
211.168,324,0.324,-0.277,-0.168
211.302,323,0.323,-0.276,-0.168
211.437,321,0.321,-0.274,-0.167
211.571,319,0.319,-0.272,-0.167
211.705,321,0.321,-0.273,-0.169
211.839,320,0.320,-0.272,-0.169
211.974,319,0.319,-0.271,-0.169
212.108,319,0.319,-0.270,-0.170
212.242,320,0.320,-0.271,-0.171
212.376,319,0.319,-0.269,-0.171
212.510,318,0.318,-0.268,-0.171
212.645,318,0.318,-0.268,-0.172
212.779,318,0.318,-0.267,-0.172
212.913,317,0.317,-0.266,-0.172
213.047,317,0.317,-0.266,-0.173
213.181,318,0.318,-0.266,-0.174
213.316,319,0.319,-0.267,-0.175
213.450,319,0.319,-0.266,-0.176
213.584,319,0.319,-0.266,-0.176
213.718,320,0.320,-0.266,-0.178
213.853,321,0.321,-0.267,-0.179
213.987,311,0.311,-0.258,-0.174
214.121,325,0.325,-0.269,-0.182
214.255,314,0.314,-0.260,-0.177
214.389,316,0.316,-0.261,-0.178
214.524,318,0.318,-0.262,-0.180
214.658,320,0.320,-0.263,-0.182
214.792,321,0.321,-0.264,-0.183
214.926,322,0.322,-0.264,-0.184
215.060,324,0.324,-0.265,-0.186
215.195,325,0.325,-0.266,-0.187
215.329,326,0.326,-0.266,-0.189
215.463,312,0.312,-0.254,-0.181
215.597,313,0.313,-0.255,-0.182
215.732,313,0.313,-0.254,-0.183
215.866,312,0.312,-0.253,-0.183
216.000,312,0.312,-0.252,-0.183
216.109,312,0.312,-0.252,-0.184
216.244,325,0.325,-0.262,-0.192
216.378,324,0.324,-0.261,-0.192
216.512,325,0.325,-0.261,-0.193
216.646,324,0.324,-0.260,-0.193
216.780,324,0.324,-0.260,-0.194
216.915,322,0.322,-0.257,-0.193
217.049,323,0.323,-0.258,-0.195
217.183,322,0.322,-0.257,-0.195
217.317,323,0.323,-0.257,-0.196
217.452,322,0.322,-0.256,-0.196
217.586,322,0.322,-0.255,-0.196
217.720,321,0.321,-0.254,-0.196
217.854,321,0.321,-0.253,-0.197
217.988,322,0.322,-0.254,-0.198
218.123,322,0.322,-0.253,-0.199
218.257,321,0.321,-0.252,-0.199
218.391,320,0.320,-0.251,-0.199
218.525,318,0.318,-0.249,-0.198
218.659,316,0.316,-0.247,-0.197
218.794,314,0.314,-0.245,-0.197
218.928,314,0.314,-0.244,-0.197
219.062,325,0.325,-0.252,-0.205
219.196,323,0.323,-0.250,-0.204
219.331,323,0.323,-0.250,-0.205
219.465,323,0.323,-0.249,-0.205
219.599,314,0.314,-0.242,-0.200
219.733,316,0.316,-0.243,-0.202
219.867,330,0.330,-0.253,-0.212
220.002,330,0.330,-0.253,-0.212
220.136,317,0.317,-0.242,-0.204
220.270,319,0.319,-0.243,-0.206
220.404,321,0.321,-0.244,-0.208
220.538,323,0.323,-0.245,-0.210
220.673,324,0.324,-0.246,-0.211
220.807,326,0.326,-0.247,-0.213
220.941,327,0.327,-0.247,-0.214
221.075,314,0.314,-0.237,-0.206
221.210,315,0.315,-0.237,-0.208
221.344,316,0.316,-0.237,-0.209
221.531,316,0.316,-0.237,-0.210
221.665,317,0.317,-0.237,-0.211
221.799,317,0.317,-0.236,-0.211
221.933,318,0.318,-0.237,-0.213
222.067,320,0.320,-0.238,-0.214
222.200,320,0.320,-0.237,-0.215
222.334,318,0.318,-0.235,-0.214
222.468,318,0.318,-0.235,-0.215
222.602,316,0.316,-0.233,-0.214
222.736,329,0.329,-0.242,-0.223
222.869,328,0.328,-0.240,-0.223
223.003,328,0.328,-0.240,-0.224
223.137,328,0.328,-0.239,-0.224
223.271,326,0.326,-0.237,-0.223
223.405,326,0.326,-0.237,-0.224
223.538,326,0.326,-0.236,-0.225
223.672,326,0.326,-0.236,-0.225
223.806,326,0.326,-0.235,-0.226
223.940,326,0.326,-0.235,-0.226
224.074,326,0.326,-0.234,-0.227
224.208,326,0.326,-0.234,-0.227
224.341,327,0.327,-0.234,-0.229
224.475,328,0.328,-0.234,-0.230
224.609,329,0.329,-0.234,-0.231
224.743,329,0.329,-0.234,-0.232
224.877,329,0.329,-0.233,-0.232
225.010,330,0.330,-0.233,-0.233
225.144,330,0.330,-0.233,-0.234
225.278,332,0.332,-0.234,-0.236
225.412,319,0.319,-0.224,-0.227
225.546,321,0.321,-0.225,-0.229
225.679,323,0.323,-0.226,-0.231
225.813,326,0.326,-0.227,-0.234
225.947,329,0.329,-0.229,-0.236
226.081,330,0.330,-0.229,-0.238
226.215,332,0.332,-0.230,-0.240
226.349,332,0.332,-0.229,-0.240
226.482,333,0.333,-0.229,-0.241
226.616,333,0.333,-0.229,-0.242
226.750,333,0.333,-0.228,-0.243
226.875,319,0.319,-0.218,-0.233
227.008,333,0.333,-0.227,-0.244
227.140,320,0.320,-0.218,-0.235
227.273,321,0.321,-0.218,-0.236
227.405,320,0.320,-0.217,-0.236
227.538,320,0.320,-0.216,-0.236
227.671,323,0.323,-0.218,-0.239
227.803,330,0.330,-0.222,-0.244
227.936,330,0.330,-0.221,-0.245
228.069,326,0.326,-0.218,-0.243
228.201,331,0.331,-0.221,-0.247
228.334,330,0.330,-0.219,-0.247
228.466,328,0.328,-0.217,-0.246
228.599,330,0.330,-0.218,-0.248
228.732,327,0.327,-0.216,-0.246
228.864,327,0.327,-0.215,-0.246
228.997,324,0.324,-0.213,-0.245
229.129,325,0.325,-0.213,-0.246
229.262,323,0.323,-0.211,-0.245
229.395,335,0.335,-0.218,-0.254
229.527,336,0.336,-0.218,-0.256
229.660,335,0.335,-0.217,-0.255
229.792,334,0.334,-0.216,-0.255
229.925,334,0.334,-0.215,-0.256
230.058,334,0.334,-0.214,-0.256
230.190,334,0.334,-0.214,-0.257
230.323,333,0.333,-0.213,-0.256
230.456,333,0.333,-0.212,-0.257
230.588,333,0.333,-0.211,-0.257
230.721,333,0.333,-0.211,-0.258
230.853,332,0.332,-0.210,-0.257
230.986,332,0.332,-0.209,-0.258
231.119,332,0.332,-0.208,-0.258
231.251,331,0.331,-0.207,-0.258
231.384,331,0.331,-0.207,-0.259
231.516,330,0.330,-0.205,-0.258
231.649,329,0.329,-0.204,-0.258
231.782,328,0.328,-0.203,-0.258
231.914,327,0.327,-0.202,-0.257
232.047,325,0.325,-0.200,-0.256
232.234,324,0.324,-0.198,-0.256
232.369,337,0.337,-0.206,-0.267
232.503,336,0.336,-0.205,-0.267
232.637,335,0.335,-0.203,-0.266
232.771,334,0.334,-0.202,-0.266
232.905,333,0.333,-0.201,-0.266
233.040,330,0.330,-0.198,-0.264
233.174,330,0.330,-0.198,-0.264
233.308,340,0.340,-0.203,-0.273
233.442,339,0.339,-0.202,-0.272
233.577,338,0.338,-0.201,-0.272
233.711,336,0.336,-0.199,-0.271
233.845,334,0.334,-0.197,-0.270
233.979,331,0.331,-0.195,-0.268
234.113,337,0.337,-0.198,-0.273
234.248,332,0.332,-0.194,-0.269
234.382,331,0.331,-0.193,-0.269
234.516,345,0.345,-0.200,-0.281
234.650,362,0.362,-0.209,-0.295
234.784,0,0.000,-0.000,-0.000
234.919,0,0.000,-0.000,-0.000
235.053,0,0.000,-0.000,-0.000
235.187,0,0.000,-0.000,-0.000
235.321,483,0.483,-0.275,-0.397
235.456,490,0.490,-0.278,-0.404
235.590,469,0.469,-0.265,-0.387
235.724,0,0.000,-0.000,-0.000
235.858,0,0.000,-0.000,-0.000
235.992,0,0.000,-0.000,-0.000
236.127,0,0.000,-0.000,-0.000
236.261,0,0.000,-0.000,-0.000
236.395,0,0.000,-0.000,-0.000
236.529,0,0.000,-0.000,-0.000
236.663,1177,1.177,-0.647,-0.983
236.798,1184,1.184,-0.648,-0.991
236.932,1200,1.200,-0.655,-1.006
237.066,1212,1.212,-0.659,-1.017
237.200,1227,1.227,-0.665,-1.031
237.335,1234,1.234,-0.666,-1.039
237.469,1237,1.237,-0.665,-1.043
237.594,1215,1.215,-0.651,-1.026
237.728,1227,1.227,-0.655,-1.037
237.862,1227,1.227,-0.653,-1.039
237.996,1250,1.250,-0.662,-1.060
238.131,1268,1.268,-0.669,-1.077
238.265,1280,1.280,-0.673,-1.089
238.399,1235,1.235,-0.647,-1.052
238.533,1249,1.249,-0.652,-1.065
238.667,1250,1.250,-0.650,-1.068
238.802,1244,1.244,-0.644,-1.064
238.936,1268,1.268,-0.654,-1.086
239.070,1283,1.283,-0.659,-1.101
239.204,1275,1.275,-0.653,-1.095
239.339,1273,1.273,-0.649,-1.095
239.473,1289,1.289,-0.655,-1.110
239.607,1287,1.287,-0.651,-1.110
239.741,1286,1.286,-0.648,-1.111
239.875,1271,1.271,-0.638,-1.099
240.010,1277,1.277,-0.638,-1.106
240.144,1283,1.283,-0.639,-1.113
240.278,1286,1.286,-0.638,-1.117
240.412,1289,1.289,-0.636,-1.121
240.546,1286,1.286,-0.632,-1.120
240.681,1292,1.292,-0.633,-1.127
240.815,1290,1.290,-0.629,-1.126
240.949,1300,1.300,-0.631,-1.136
241.083,1298,1.298,-0.628,-1.136
241.218,1297,1.297,-0.624,-1.137
241.352,1298,1.298,-0.622,-1.139
241.486,1299,1.299,-0.620,-1.141
241.620,1297,1.297,-0.616,-1.141
241.754,1298,1.298,-0.614,-1.143
241.889,1298,1.298,-0.612,-1.145
242.023,1298,1.298,-0.609,-1.146
242.157,1311,1.311,-0.612,-1.159
242.291,1310,1.310,-0.609,-1.160
242.425,1314,1.314,-0.608,-1.165
242.560,1315,1.315,-0.606,-1.167
242.694,1316,1.316,-0.604,-1.169
242.828,1328,1.328,-0.606,-1.181
242.953,1321,1.321,-0.601,-1.177
243.089,1316,1.316,-0.596,-1.173
243.225,1313,1.313,-0.591,-1.172
243.361,1329,1.329,-0.596,-1.188
243.496,1342,1.342,-0.599,-1.201
243.632,1336,1.336,-0.593,-1.197
243.768,1329,1.329,-0.587,-1.192
243.904,1334,1.334,-0.587,-1.198
244.040,1335,1.335,-0.584,-1.200
244.175,1334,1.334,-0.581,-1.201
244.311,1336,1.336,-0.579,-1.204
244.447,1334,1.334,-0.575,-1.204
244.583,1340,1.340,-0.575,-1.210
244.719,1351,1.351,-0.577,-1.222
244.855,1350,1.350,-0.574,-1.222
244.990,1354,1.354,-0.572,-1.227
245.126,1353,1.353,-0.569,-1.227
245.262,1352,1.352,-0.566,-1.228
245.398,1356,1.356,-0.565,-1.233
245.534,1348,1.348,-0.558,-1.227
245.669,1357,1.357,-0.559,-1.236
245.805,1352,1.352,-0.554,-1.233
245.941,1370,1.370,-0.559,-1.251
246.077,1371,1.371,-0.556,-1.253
246.213,1361,1.361,-0.549,-1.245
246.349,1364,1.364,-0.547,-1.249
246.484,1360,1.360,-0.543,-1.247
246.620,1370,1.370,-0.544,-1.258
246.756,1380,1.380,-0.545,-1.268
246.892,1383,1.383,-0.543,-1.272
247.028,1383,1.383,-0.540,-1.273
247.163,1368,1.368,-0.531,-1.261
247.299,1375,1.375,-0.531,-1.268
247.435,1383,1.383,-0.531,-1.277
247.571,1380,1.380,-0.527,-1.276
247.707,1388,1.388,-0.527,-1.284
247.843,1379,1.379,-0.520,-1.277
247.978,1379,1.379,-0.517,-1.278
248.114,1385,1.385,-0.516,-1.285
248.250,1389,1.389,-0.515,-1.290
248.375,1391,1.391,-0.513,-1.293
248.504,1412,1.412,-0.517,-1.314
248.633,1396,1.396,-0.509,-1.300
248.762,1408,1.408,-0.510,-1.312
248.891,1405,1.405,-0.506,-1.311
249.020,1403,1.403,-0.502,-1.310
249.149,1407,1.407,-0.501,-1.315
249.278,1419,1.419,-0.502,-1.327
249.407,1417,1.417,-0.498,-1.326
249.536,1416,1.416,-0.495,-1.327
249.665,1422,1.422,-0.494,-1.333
249.794,1405,1.405,-0.485,-1.319
249.923,1416,1.416,-0.486,-1.330
250.052,1416,1.416,-0.483,-1.331
250.181,1430,1.430,-0.485,-1.345
250.310,1432,1.432,-0.482,-1.348
250.439,1431,1.431,-0.479,-1.348
250.568,1435,1.435,-0.477,-1.353
250.697,1430,1.430,-0.473,-1.350
250.826,1432,1.432,-0.470,-1.353
250.955,1433,1.433,-0.468,-1.355
251.084,1448,1.448,-0.469,-1.370
251.213,1445,1.445,-0.465,-1.368
251.342,1442,1.442,-0.461,-1.366
251.471,1439,1.439,-0.457,-1.364
251.600,1452,1.452,-0.458,-1.378
251.729,1463,1.463,-0.459,-1.389
251.858,1443,1.443,-0.449,-1.371
251.987,1454,1.454,-0.450,-1.383
252.116,1461,1.461,-0.449,-1.390
252.245,1456,1.456,-0.444,-1.387
252.374,1471,1.471,-0.445,-1.402
252.503,1470,1.470,-0.442,-1.402
252.632,1473,1.473,-0.440,-1.406
252.761,1481,1.481,-0.439,-1.414
252.890,1479,1.479,-0.435,-1.414
253.019,1483,1.483,-0.433,-1.418
253.148,1473,1.473,-0.427,-1.410
253.277,1480,1.480,-0.426,-1.417
253.406,1480,1.480,-0.423,-1.418
253.531,1493,1.493,-0.423,-1.432
253.664,1484,1.484,-0.417,-1.424
253.797,1489,1.489,-0.415,-1.430
253.930,1500,1.500,-0.415,-1.441
254.063,1497,1.497,-0.411,-1.439
254.196,1503,1.503,-0.409,-1.446
254.329,1507,1.507,-0.407,-1.451
254.462,1521,1.521,-0.407,-1.465
254.595,1505,1.505,-0.400,-1.451
254.728,1527,1.527,-0.402,-1.473
254.861,1517,1.517,-0.396,-1.464
254.994,1529,1.529,-0.396,-1.477
255.127,1525,1.525,-0.391,-1.474
255.260,1535,1.535,-0.391,-1.484
255.393,1535,1.535,-0.387,-1.485
255.526,1533,1.533,-0.383,-1.484
255.659,1539,1.539,-0.381,-1.491
255.792,1531,1.531,-0.376,-1.484
255.925,1535,1.535,-0.373,-1.489
256.058,1549,1.549,-0.373,-1.503
256.192,1534,1.534,-0.366,-1.490
256.325,1512,1.512,-0.357,-1.469
256.458,1495,1.495,-0.350,-1.453
256.591,1497,1.497,-0.347,-1.456
256.724,1488,1.488,-0.342,-1.448
256.857,1493,1.493,-0.339,-1.454
256.990,1479,1.479,-0.333,-1.441
257.123,1477,1.477,-0.329,-1.440
257.256,1484,1.484,-0.327,-1.447
257.389,1503,1.503,-0.328,-1.467
257.522,1491,1.491,-0.322,-1.456
257.655,1494,1.494,-0.319,-1.459
257.788,1509,1.509,-0.319,-1.475
257.921,1513,1.513,-0.317,-1.480
258.054,1511,1.511,-0.313,-1.478
258.187,1518,1.518,-0.311,-1.486
258.320,1550,1.550,-0.314,-1.518
258.453,1567,1.567,-0.314,-1.535
258.586,1580,1.580,-0.313,-1.549
258.719,1583,1.583,-0.310,-1.552
258.906,1595,1.595,-0.307,-1.565
259.039,1600,1.600,-0.304,-1.571
259.171,1587,1.587,-0.298,-1.559
259.304,1631,1.631,-0.303,-1.603
259.437,1554,1.554,-0.285,-1.528
259.569,1538,1.538,-0.278,-1.513
259.702,0,0.000,-0.000,-0.000
259.835,1646,1.646,-0.291,-1.620
259.967,1652,1.652,-0.288,-1.627
260.100,0,0.000,-0.000,-0.000
260.232,1572,1.572,-0.267,-1.549
260.365,1563,1.563,-0.262,-1.541
260.498,1578,1.578,-0.261,-1.556
260.630,1560,1.560,-0.254,-1.539
260.763,1605,1.605,-0.258,-1.584
260.895,1599,1.599,-0.253,-1.579
261.028,1595,1.595,-0.249,-1.575
261.161,1603,1.603,-0.246,-1.584
261.293,1608,1.608,-0.243,-1.589
261.426,1600,1.600,-0.239,-1.582
261.558,1594,1.594,-0.234,-1.577
261.691,1622,1.622,-0.234,-1.605
261.824,1608,1.608,-0.229,-1.592
261.956,1596,1.596,-0.223,-1.580
262.089,1590,1.590,-0.219,-1.575
262.222,1600,1.600,-0.217,-1.585
262.354,1587,1.587,-0.211,-1.573
262.487,1587,1.587,-0.208,-1.573
262.619,0,0.000,-0.000,-0.000
262.752,0,0.000,-0.000,-0.000
262.885,0,0.000,-0.000,-0.000
263.017,0,0.000,-0.000,-0.000
263.150,0,0.000,-0.000,-0.000
263.282,0,0.000,-0.000,-0.000
263.415,0,0.000,-0.000,-0.000
263.548,0,0.000,-0.000,-0.000
263.680,810,0.810,-0.089,-0.805
263.813,0,0.000,-0.000,-0.000
263.946,641,0.641,-0.068,-0.637
264.078,0,0.000,-0.000,-0.000
264.203,0,0.000,-0.000,-0.000
264.336,0,0.000,-0.000,-0.000
264.469,0,0.000,-0.000,-0.000
264.602,0,0.000,-0.000,-0.000
264.735,526,0.526,-0.048,-0.524
264.868,0,0.000,-0.000,-0.000
265.001,494,0.494,-0.043,-0.492
265.134,522,0.522,-0.044,-0.520
265.267,526,0.526,-0.043,-0.524
265.400,0,0.000,-0.000,-0.000
265.533,0,0.000,-0.000,-0.000
265.666,0,0.000,-0.000,-0.000
265.799,0,0.000,-0.000,-0.000
265.932,0,0.000,-0.000,-0.000
266.065,0,0.000,-0.000,-0.000
266.198,0,0.000,-0.000,-0.000
266.331,0,0.000,-0.000,-0.000
266.464,0,0.000,-0.000,-0.000
266.597,891,0.891,-0.053,-0.889
266.730,869,0.869,-0.050,-0.868
266.863,878,0.878,-0.048,-0.877
266.996,0,0.000,-0.000,-0.000
267.129,824,0.824,-0.041,-0.823
267.262,820,0.820,-0.039,-0.819
267.395,802,0.802,-0.036,-0.801
267.528,805,0.805,-0.035,-0.804
267.661,0,0.000,-0.000,-0.000
267.794,743,0.743,-0.029,-0.742
267.927,0,0.000,-0.000,-0.000
268.060,0,0.000,-0.000,-0.000
268.194,0,0.000,-0.000,-0.000
268.327,0,0.000,-0.000,-0.000
268.460,0,0.000,-0.000,-0.000
268.593,0,0.000,-0.000,-0.000
268.726,0,0.000,-0.000,-0.000
268.859,0,0.000,-0.000,-0.000
268.992,0,0.000,-0.000,-0.000
269.125,0,0.000,-0.000,-0.000
269.258,0,0.000,-0.000,-0.000
269.391,430,0.430,-0.005,-0.430
269.516,0,0.000,-0.000,-0.000
269.650,400,0.400,-0.002,-0.400
269.785,0,0.000,-0.000,-0.000
269.919,0,0.000,-0.000,-0.000
270.054,0,0.000,0.000,-0.000
270.189,0,0.000,0.000,-0.000
270.323,0,0.000,0.000,-0.000
270.458,0,0.000,0.000,-0.000
270.593,0,0.000,0.000,-0.000
270.727,103,0.103,0.001,-0.103
270.862,109,0.109,0.002,-0.109
270.996,0,0.000,0.000,-0.000
271.131,0,0.000,0.000,-0.000
271.266,0,0.000,0.000,-0.000
271.400,0,0.000,0.000,-0.000
271.535,95,0.095,0.003,-0.095
271.669,0,0.000,0.000,-0.000
271.804,109,0.109,0.003,-0.109
271.939,115,0.115,0.004,-0.115
272.073,114,0.114,0.004,-0.114
272.208,0,0.000,0.000,-0.000
272.343,0,0.000,0.000,-0.000
272.477,0,0.000,0.000,-0.000
272.612,0,0.000,0.000,-0.000
272.746,0,0.000,0.000,-0.000
272.881,0,0.000,0.000,-0.000
273.016,0,0.000,0.000,-0.000
273.150,0,0.000,0.000,-0.000
273.285,0,0.000,0.000,-0.000
273.419,0,0.000,0.000,-0.000
273.554,0,0.000,0.000,-0.000
273.689,845,0.845,0.054,-0.843
273.823,876,0.876,0.058,-0.874
273.958,880,0.880,0.061,-0.878
274.093,902,0.902,0.064,-0.900
274.227,955,0.955,0.070,-0.952
274.362,961,0.961,0.073,-0.958
274.496,946,0.946,0.074,-0.943
274.631,888,0.888,0.072,-0.885
274.766,893,0.893,0.074,-0.890
274.875,0,0.000,0.000,-0.000
275.006,0,0.000,0.000,-0.000
275.138,0,0.000,0.000,-0.000
275.269,0,0.000,0.000,-0.000
275.401,0,0.000,0.000,-0.000
275.532,882,0.882,0.085,-0.878
275.663,829,0.829,0.082,-0.825
275.795,852,0.852,0.086,-0.848
275.926,849,0.849,0.088,-0.844
276.058,874,0.874,0.092,-0.869
276.189,872,0.872,0.094,-0.867
276.321,0,0.000,0.000,-0.000
276.452,921,0.921,0.103,-0.915
276.583,882,0.882,0.101,-0.876
276.715,0,0.000,0.000,-0.000
276.846,0,0.000,0.000,-0.000
276.978,0,0.000,0.000,-0.000
277.109,0,0.000,0.000,-0.000
277.240,0,0.000,0.000,-0.000
277.372,0,0.000,0.000,-0.000
277.503,0,0.000,0.000,-0.000
277.635,0,0.000,0.000,-0.000
277.766,0,0.000,0.000,-0.000
277.897,0,0.000,0.000,-0.000
278.029,0,0.000,0.000,-0.000
278.160,2533,2.533,0.360,-2.507
278.292,0,0.000,0.000,-0.000
278.423,2544,2.544,0.373,-2.517
278.554,2581,2.581,0.384,-2.552
278.686,2583,2.583,0.390,-2.553
278.817,2612,2.612,0.400,-2.581
278.949,2614,2.614,0.407,-2.582
279.080,2592,2.592,0.409,-2.560
279.212,2605,2.605,0.417,-2.571
279.343,2608,2.608,0.423,-2.573
279.474,2569,2.569,0.423,-2.534
279.606,2503,2.503,0.418,-2.468
279.737,2496,2.496,0.422,-2.460
279.869,2498,2.498,0.428,-2.461
280.000,2499,2.499,0.434,-2.461
280.125,2493,2.493,0.438,-2.454
280.260,2504,2.504,0.446,-2.464
280.394,2505,2.505,0.452,-2.464
280.529,2503,2.503,0.457,-2.461
280.663,2499,2.499,0.462,-2.456
280.798,2527,2.527,0.473,-2.482
280.933,2542,2.542,0.482,-2.496
281.067,2544,2.544,0.488,-2.497
281.202,2522,2.522,0.490,-2.474
281.337,2526,2.526,0.497,-2.477
281.471,2526,2.526,0.502,-2.476
281.606,2528,2.528,0.509,-2.476
281.740,2519,2.519,0.513,-2.466
281.875,2535,2.535,0.522,-2.481
282.010,2525,2.525,0.525,-2.470
282.144,2538,2.538,0.534,-2.481
282.279,2547,2.547,0.542,-2.489
282.413,2563,2.563,0.551,-2.503
282.548,0,0.000,0.000,-0.000
282.683,2721,2.721,0.597,-2.655
282.817,2707,2.707,0.601,-2.640
282.952,2707,2.707,0.607,-2.638
283.087,2707,2.707,0.613,-2.637
283.221,2707,2.707,0.619,-2.635
283.356,2707,2.707,0.625,-2.634
283.490,2694,2.694,0.628,-2.620
283.625,2694,2.694,0.635,-2.618
283.760,2698,2.698,0.642,-2.621
283.894,2694,2.694,0.647,-2.615
284.029,2698,2.698,0.654,-2.618
284.163,2710,2.710,0.663,-2.628
284.298,2724,2.724,0.673,-2.640
284.433,2752,2.752,0.686,-2.665
284.567,2782,2.782,0.700,-2.693
284.702,2783,2.783,0.706,-2.692
284.837,2796,2.796,0.716,-2.703
284.971,2807,2.807,0.725,-2.712
285.106,2828,2.828,0.737,-2.730
285.240,2856,2.856,0.751,-2.756
285.375,2875,2.875,0.762,-2.772
285.500,2888,2.888,0.772,-2.783
285.633,2907,2.907,0.783,-2.799
285.765,2924,2.924,0.794,-2.814
285.898,2950,2.950,0.808,-2.837
286.030,2978,2.978,0.822,-2.862
286.163,2995,2.995,0.834,-2.877
286.296,3013,3.013,0.845,-2.892
286.428,3047,3.047,0.862,-2.923
286.561,3084,3.084,0.879,-2.956
286.694,0,0.000,0.000,-0.000
286.826,3476,3.476,1.006,-3.327
286.959,3518,3.518,1.026,-3.365
287.091,3546,3.546,1.042,-3.389
287.224,3572,3.572,1.058,-3.412
287.357,3602,3.602,1.075,-3.438
287.489,3633,3.633,1.092,-3.465
287.622,3646,3.646,1.104,-3.475
287.754,3673,3.673,1.120,-3.498
287.887,3708,3.708,1.139,-3.529
288.020,3732,3.732,1.154,-3.549
288.152,3735,3.735,1.164,-3.549
288.285,3753,3.753,1.177,-3.564
288.417,3778,3.778,1.194,-3.584
288.550,3804,3.804,1.210,-3.606
288.683,3852,3.852,1.234,-3.649
288.815,3870,3.870,1.248,-3.663
288.948,3891,3.891,1.263,-3.680
289.081,3904,3.904,1.276,-3.690
289.213,0,0.000,0.000,-0.000
289.346,3992,3.992,1.322,-3.767
289.478,3988,3.988,1.330,-3.760
289.611,3995,3.995,1.341,-3.763
289.744,0,0.000,0.000,-0.000
289.876,4113,4.113,1.398,-3.868
290.009,4157,4.157,1.422,-3.906
290.141,4192,4.192,1.443,-3.936
290.274,4263,4.263,1.477,-3.999
290.407,4277,4.277,1.491,-4.009
290.539,4302,4.302,1.509,-4.029
290.672,4341,4.341,1.532,-4.062
290.797,4375,4.375,1.553,-4.090
290.930,4407,4.407,1.574,-4.116
291.063,4367,4.367,1.569,-4.075
291.196,4354,4.354,1.574,-4.059
291.329,4394,4.394,1.598,-4.093
291.462,4462,4.462,1.633,-4.153
291.595,4519,4.519,1.663,-4.202
291.728,4568,4.568,1.691,-4.243
291.861,4590,4.590,1.709,-4.260
291.994,4631,4.631,1.734,-4.294
292.127,4686,4.686,1.765,-4.341
292.260,4717,4.717,1.787,-4.365
292.393,4768,4.768,1.816,-4.408
292.526,4828,4.828,1.850,-4.460
292.659,4887,4.887,1.883,-4.510
292.792,4928,4.928,1.909,-4.543
292.925,4991,4.991,1.944,-4.597
293.058,5037,5.037,1.973,-4.635
293.191,5090,5.090,2.004,-4.679
293.324,5145,5.145,2.037,-4.725
293.457,5205,5.205,2.072,-4.775
293.590,5237,5.237,2.096,-4.799
293.723,5256,5.256,2.115,-4.812
293.856,5295,5.295,2.142,-4.843
293.989,5287,5.287,2.150,-4.830
294.122,5287,5.287,2.161,-4.825
294.255,5286,5.286,2.171,-4.819
294.388,5287,5.287,2.183,-4.815
294.521,5272,5.272,2.188,-4.797
294.654,5270,5.270,2.198,-4.790
294.787,5268,5.268,2.209,-4.783
294.920,5266,5.266,2.219,-4.776
295.053,5239,5.239,2.219,-4.746
295.186,5193,5.193,2.210,-4.699
295.319,5189,5.189,2.219,-4.691
295.452,0,0.000,0.000,-0.000
295.585,5299,5.299,2.288,-4.779
295.718,5366,5.366,2.329,-4.834
295.851,5421,5.421,2.364,-4.879
295.984,5498,5.498,2.409,-4.942
296.172,5577,5.577,2.460,-5.005
296.300,5798,5.798,2.569,-5.198
296.428,0,0.000,0.000,-0.000
296.556,6654,6.654,2.975,-5.952
296.685,6666,6.666,2.994,-5.956
296.813,6642,6.642,2.996,-5.928
296.941,6650,6.650,3.013,-5.928
297.069,6654,6.654,3.028,-5.925
297.198,6640,6.640,3.035,-5.906
297.326,6632,6.632,3.044,-5.892
297.454,6642,6.642,3.062,-5.894
297.582,6698,6.698,3.101,-5.937
297.710,6758,6.758,3.142,-5.983
297.839,6758,6.758,3.156,-5.976
297.967,0,0.000,0.000,-0.000
298.095,7711,7.711,3.631,-6.802
298.223,7755,7.755,3.667,-6.833
298.351,7749,7.749,3.680,-6.820
298.480,7757,7.757,3.699,-6.818
298.608,7749,7.749,3.710,-6.803
298.736,7765,7.765,3.733,-6.809
298.864,7764,7.764,3.748,-6.799
298.992,7753,7.753,3.758,-6.781
299.121,7762,7.762,3.777,-6.781
299.249,7762,7.762,3.793,-6.772
299.377,7770,7.770,3.812,-6.771
299.505,7763,7.763,3.823,-6.756
299.633,7769,7.769,3.841,-6.753
299.762,7765,7.765,3.854,-6.741
299.890,7765,7.765,3.870,-6.732
300.018,0,0.000,0.000,-0.000
300.146,6137,6.137,3.082,-5.307
300.274,5931,5.931,2.990,-5.122
300.403,5814,5.814,2.942,-5.015
300.531,5746,5.746,2.919,-4.949
300.659,5736,5.736,2.925,-4.934
300.787,5741,5.741,2.939,-4.932
300.915,5767,5.767,2.963,-4.948
301.044,5779,5.779,2.980,-4.951
301.172,5809,5.809,3.007,-4.970
301.281,0,0.000,0.000,-0.000
301.414,5896,5.896,3.073,-5.032
301.547,5825,5.825,3.048,-4.964
301.680,5819,5.819,3.056,-4.952
301.813,0,0.000,0.000,-0.000
301.946,6086,6.086,3.220,-5.164
302.079,6243,6.243,3.316,-5.290
302.212,6543,6.543,3.488,-5.536
302.345,0,0.000,0.000,-0.000
302.478,7778,7.778,4.177,-6.561
302.611,7791,7.791,4.199,-6.563
302.744,7783,7.783,4.210,-6.546
302.877,7795,7.795,4.231,-6.547
303.010,7786,7.786,4.242,-6.529
303.143,7788,7.788,4.258,-6.521
303.276,7794,7.794,4.276,-6.516
303.409,7794,7.794,4.292,-6.506
303.542,7793,7.793,4.306,-6.495
303.675,7818,7.818,4.335,-6.506
303.808,0,0.000,0.000,-0.000
303.942,7988,7.988,4.460,-6.627
304.075,0,0.000,0.000,-0.000
304.208,8020,8.020,4.509,-6.633
304.341,7992,7.992,4.508,-6.599
304.474,7970,7.970,4.511,-6.570
304.607,7988,7.988,4.537,-6.575
304.740,8009,8.009,4.564,-6.581
304.873,8020,8.020,4.585,-6.580
305.006,8023,8.023,4.602,-6.572
305.139,8016,8.016,4.614,-6.555
305.272,8014,8.014,4.628,-6.543
305.405,8019,8.019,4.646,-6.536
305.538,8018,8.018,4.660,-6.525
305.671,8011,8.011,4.671,-6.508
305.804,8023,8.023,4.694,-6.507
305.937,8000,8.000,4.695,-6.477
306.070,8017,8.017,4.720,-6.480
306.203,8018,8.018,4.736,-6.470
306.336,8004,8.004,4.742,-6.448
306.469,8019,8.019,4.766,-6.449
306.594,8008,8.008,4.774,-6.429
306.728,8017,8.017,4.794,-6.425
306.863,8017,8.017,4.809,-6.414
306.998,8012,8.012,4.821,-6.399
307.132,8003,8.003,4.831,-6.380
307.267,8016,8.016,4.854,-6.379
307.401,8031,8.031,4.878,-6.380
307.536,8002,8.002,4.875,-6.345
307.671,8016,8.016,4.899,-6.345
307.805,8022,8.022,4.917,-6.338
307.940,8021,8.021,4.932,-6.326
308.075,7982,7.982,4.922,-6.284
308.209,7981,7.981,4.937,-6.271
308.344,8001,8.001,4.964,-6.275
308.478,8010,8.010,4.984,-6.271
308.613,8040,8.040,5.017,-6.282
308.748,8026,8.026,5.023,-6.260
308.882,8017,8.017,5.032,-6.241
309.017,8014,8.014,5.045,-6.227
309.151,8023,8.023,5.066,-6.222
309.286,8030,8.030,5.085,-6.215
309.421,8023,8.023,5.095,-6.198
309.555,8032,8.032,5.115,-6.193
309.690,8031,8.031,5.129,-6.180
309.825,8053,8.053,5.157,-6.185
309.959,0,0.000,0.000,-0.000
310.094,8272,8.272,5.328,-6.328
310.228,0,0.000,0.000,-0.000
310.363,9511,9.511,6.160,-7.247
310.498,9521,9.521,6.183,-7.240
310.632,9534,9.534,6.209,-7.235
310.767,9543,9.543,6.231,-7.228
310.901,9560,9.560,6.260,-7.226
311.036,9546,9.546,6.267,-7.201
311.171,9552,9.552,6.288,-7.190
311.305,9529,9.529,6.290,-7.158
311.440,9547,9.547,6.319,-7.157
311.575,9557,9.557,6.342,-7.150
311.709,9553,9.553,6.356,-7.132
311.844,9566,9.566,6.381,-7.126
311.969,9555,9.555,6.390,-7.104
312.101,9550,9.550,6.403,-7.086
312.234,9564,9.564,6.429,-7.081
312.367,9556,9.556,6.440,-7.060
312.499,9552,9.552,6.453,-7.043
312.632,9558,9.558,6.473,-7.032
312.764,9574,9.574,6.501,-7.029
312.897,9572,9.572,6.515,-7.012
313.030,9583,9.583,6.539,-7.005
313.162,9574,9.574,6.549,-6.983
313.295,9570,9.570,6.563,-6.965
313.427,9591,9.591,6.593,-6.965
313.560,9589,9.589,6.608,-6.949
313.693,9598,9.598,6.630,-6.940
313.825,9585,9.585,6.637,-6.915
313.958,9589,9.589,6.656,-6.903
314.091,9600,9.600,6.680,-6.895
314.223,9593,9.593,6.691,-6.875
314.356,9598,9.598,6.710,-6.863
314.488,9599,9.599,6.727,-6.848
314.621,9626,9.626,6.761,-6.851
314.754,9611,9.611,6.767,-6.825
314.886,9624,9.624,6.792,-6.819
315.019,9614,9.614,6.800,-6.796
315.151,9627,9.627,6.825,-6.789
315.284,9619,9.619,6.835,-6.768
315.417,9643,9.643,6.868,-6.769
315.549,9634,9.634,6.877,-6.747
315.682,9611,9.611,6.876,-6.715
315.815,0,0.000,0.000,-0.000
315.947,9350,9.350,6.720,-6.501
316.080,9202,9.202,6.628,-6.383
316.212,9087,9.087,6.560,-6.288
316.345,9094,9.094,6.580,-6.278
316.478,0,0.000,0.000,-0.000
316.610,9542,9.542,6.934,-6.555
316.743,9546,9.546,6.952,-6.542
316.875,0,0.000,0.000,-0.000
317.008,8002,8.002,5.853,-5.457
317.141,7797,7.797,5.715,-5.304
317.266,7692,7.692,5.650,-5.220
317.399,7608,7.608,5.600,-5.150
317.532,7518,7.518,5.546,-5.076
317.665,7457,7.457,5.512,-5.022
317.798,7294,7.294,5.403,-4.900
317.931,7225,7.225,5.363,-4.841
318.064,7191,7.191,5.349,-4.806
318.197,7185,7.185,5.356,-4.789
318.330,7192,7.192,5.372,-4.782
318.463,7178,7.178,5.373,-4.760
318.596,7172,7.172,5.379,-4.743
318.729,7169,7.169,5.388,-4.729
318.862,7192,7.192,5.416,-4.731
318.995,7171,7.171,5.412,-4.705
319.128,7138,7.138,5.398,-4.671
319.261,7103,7.103,5.382,-4.636
319.394,7025,7.025,5.333,-4.572
319.527,6987,6.987,5.315,-4.535
319.660,6913,6.913,5.269,-4.475
319.793,6916,6.916,5.282,-4.465
319.926,6955,6.955,5.322,-4.477
320.059,6974,6.974,5.347,-4.477
320.192,6993,6.993,5.372,-4.477
320.325,6941,6.941,5.342,-4.431
320.458,0,0.000,0.000,-0.000
320.591,0,0.000,0.000,-0.000
320.724,5541,5.541,4.289,-3.508
320.857,5463,5.463,4.237,-3.449
320.990,5429,5.429,4.219,-3.417
321.123,5419,5.419,4.219,-3.401
321.256,5382,5.382,4.198,-3.368
321.389,5365,5.365,4.192,-3.348
321.522,5369,5.369,4.203,-3.341
321.655,5365,5.365,4.208,-3.328
321.788,5379,5.379,4.226,-3.327
321.921,5369,5.369,4.226,-3.311
322.054,5383,5.383,4.245,-3.310
322.187,5383,5.383,4.253,-3.300
322.320,5383,5.383,4.260,-3.290
322.453,5383,5.383,4.268,-3.280
322.641,5383,5.383,4.279,-3.266
322.770,5384,5.384,4.287,-3.257
322.899,5402,5.402,4.308,-3.259
323.028,5401,5.401,4.315,-3.248
323.157,5396,5.396,4.318,-3.236
323.286,5418,5.418,4.343,-3.239
323.415,0,0.000,0.000,-0.000
323.544,5480,5.480,4.408,-3.256
323.673,5448,5.448,4.389,-3.227
323.802,5403,5.403,4.360,-3.191
323.931,5388,5.388,4.355,-3.172
324.060,5390,5.390,4.364,-3.164
324.189,5387,5.387,4.369,-3.152
324.318,5397,5.397,4.384,-3.148
324.447,5395,5.395,4.389,-3.137
324.576,5393,5.393,4.395,-3.126
324.705,5415,5.415,4.420,-3.129
324.834,5420,5.420,4.431,-3.122
324.963,5423,5.423,4.440,-3.113
325.092,5428,5.428,4.451,-3.106
325.221,5427,5.427,4.457,-3.096
325.350,5408,5.408,4.449,-3.075
325.479,5401,5.401,4.450,-3.061
325.608,5361,5.361,4.424,-3.028
325.737,5329,5.329,4.404,-3.000
325.866,5291,5.291,4.379,-2.969
325.995,5251,5.251,4.353,-2.937
326.124,5221,5.221,4.335,-2.910
326.253,5177,5.177,4.305,-2.876
326.382,5138,5.138,4.279,-2.845
326.511,5116,5.116,4.267,-2.823
326.640,5088,5.088,4.250,-2.798
326.769,5055,5.055,4.228,-2.770
326.898,5032,5.032,4.215,-2.748
327.027,4994,4.994,4.190,-2.718
327.156,4972,4.972,4.177,-2.697
327.285,4938,4.938,4.155,-2.669
327.414,4915,4.915,4.141,-2.647
327.543,4882,4.882,4.119,-2.620
327.672,4856,4.856,4.103,-2.597
327.797,4833,4.833,4.090,-2.576
327.929,4804,4.804,4.071,-2.551
328.061,4768,4.768,4.046,-2.522
328.194,4744,4.744,4.032,-2.500
328.326,4715,4.715,4.013,-2.476
328.458,4687,4.687,3.995,-2.452
328.590,4663,4.663,3.980,-2.430
328.722,4634,4.634,3.961,-2.406
328.855,4596,4.596,3.934,-2.377
328.987,4567,4.567,3.914,-2.353
329.119,4548,4.548,3.903,-2.334
329.251,4525,4.525,3.889,-2.314
329.383,4490,4.490,3.864,-2.287
329.516,4467,4.467,3.850,-2.266
329.648,4442,4.442,3.833,-2.245
329.780,4410,4.410,3.811,-2.220
329.912,4396,4.396,3.804,-2.204
330.044,4372,4.372,3.788,-2.183
330.177,4361,4.361,3.783,-2.169
330.309,4316,4.316,3.749,-2.138
330.441,4301,4.301,3.741,-2.122
330.573,4283,4.283,3.730,-2.104
330.706,4259,4.259,3.714,-2.084
330.838,4231,4.231,3.695,-2.062
330.970,4219,4.219,3.689,-2.047
331.102,4193,4.193,3.671,-2.026
331.234,4175,4.175,3.660,-2.009
331.367,4166,4.166,3.657,-1.996
331.499,4145,4.145,3.643,-1.978
331.631,4130,4.130,3.634,-1.962
331.763,4109,4.109,3.620,-1.944
331.895,4071,4.071,3.591,-1.918
332.028,4049,4.049,3.576,-1.899
332.160,4038,4.038,3.571,-1.886
332.292,4016,4.016,3.555,-1.867
332.424,4002,4.002,3.547,-1.853
332.556,3990,3.990,3.541,-1.839
332.689,3972,3.972,3.529,-1.822
332.821,3947,3.947,3.511,-1.803
332.953,3935,3.935,3.505,-1.789
333.078,3913,3.913,3.489,-1.772
333.212,3890,3.890,3.473,-1.753
333.346,3874,3.874,3.462,-1.738
333.480,3867,3.867,3.460,-1.727
333.613,3842,3.842,3.442,-1.707
333.747,3827,3.827,3.432,-1.693
333.881,3804,3.804,3.416,-1.675
334.015,3784,3.784,3.401,-1.658
334.149,3766,3.766,3.389,-1.642
334.282,3755,3.755,3.383,-1.629
334.416,3730,3.730,3.364,-1.611
334.550,3718,3.718,3.357,-1.598
334.684,3687,3.687,3.333,-1.577
334.818,3686,3.686,3.336,-1.568
334.952,3656,3.656,3.312,-1.548
335.085,3647,3.647,3.308,-1.536
335.219,3632,3.632,3.298,-1.522
335.353,3616,3.616,3.287,-1.508
335.487,3601,3.601,3.276,-1.494
335.621,3587,3.587,3.267,-1.481
335.754,3570,3.570,3.255,-1.466
335.888,3558,3.558,3.248,-1.454
336.022,3550,3.550,3.244,-1.443
336.156,3522,3.522,3.221,-1.424
336.290,3525,3.525,3.227,-1.417
336.423,3508,3.508,3.215,-1.403
336.557,3493,3.493,3.205,-1.390
336.691,3475,3.475,3.191,-1.375
336.825,3451,3.451,3.173,-1.358
336.959,3437,3.437,3.163,-1.345
337.093,0,0.000,0.000,-0.000
337.226,3138,3.138,2.893,-1.215
337.360,3132,3.132,2.891,-1.206
337.494,3120,3.120,2.882,-1.194
337.628,3112,3.112,2.878,-1.184
337.762,3093,3.093,2.863,-1.171
337.895,3097,3.097,2.869,-1.165
338.029,3083,3.083,2.859,-1.153
338.163,3070,3.070,2.850,-1.142
338.297,3056,3.056,2.839,-1.130
338.422,3050,3.050,2.836,-1.122
338.554,3027,3.027,2.817,-1.107
338.686,3018,3.018,2.812,-1.097
338.819,3020,3.020,2.816,-1.091
338.951,3011,3.011,2.810,-1.081
339.083,2992,2.992,2.795,-1.068
339.215,2980,2.980,2.786,-1.057
339.347,2962,2.962,2.772,-1.045
339.480,2948,2.948,2.761,-1.033
339.612,2936,2.936,2.752,-1.023
339.744,2936,2.936,2.754,-1.016
339.876,2928,2.928,2.749,-1.007
340.008,2914,2.914,2.738,-0.996
340.141,2921,2.921,2.747,-0.992
340.273,2925,2.925,2.753,-0.987
340.405,2940,2.940,2.770,-0.986
340.537,2939,2.939,2.771,-0.979
340.669,2939,2.939,2.773,-0.973
340.802,2937,2.937,2.774,-0.966
340.934,2946,2.946,2.784,-0.962
341.066,2955,2.955,2.795,-0.959
341.198,2962,2.962,2.804,-0.955
341.331,2964,2.964,2.808,-0.949
341.463,2966,2.966,2.812,-0.943
341.595,2971,2.971,2.819,-0.938
341.727,2981,2.981,2.831,-0.935
341.859,2985,2.985,2.837,-0.929
341.992,2975,2.975,2.829,-0.920
342.124,2959,2.959,2.816,-0.908
342.256,2967,2.967,2.826,-0.904
342.388,2949,2.949,2.811,-0.892
342.520,2936,2.936,2.800,-0.882
342.653,2935,2.935,2.802,-0.875
342.785,2918,2.918,2.787,-0.864
342.917,2908,2.908,2.780,-0.854
343.049,2889,2.889,2.763,-0.842
343.181,2899,2.899,2.775,-0.839
343.314,2886,2.886,2.764,-0.829
343.446,2872,2.872,2.753,-0.818
343.578,2859,2.859,2.742,-0.808
343.703,2855,2.855,2.740,-0.801
343.834,2850,2.850,2.737,-0.794
343.964,2842,2.842,2.731,-0.785
344.095,2826,2.826,2.718,-0.774
344.226,2813,2.813,2.707,-0.765
344.356,2820,2.820,2.716,-0.760
344.487,2819,2.819,2.716,-0.754
344.617,2813,2.813,2.712,-0.746
344.748,2813,2.813,2.714,-0.740
344.879,2797,2.797,2.700,-0.730
345.009,2779,2.779,2.684,-0.719
345.140,2783,2.783,2.690,-0.714
345.270,2776,2.776,2.685,-0.706
345.401,2760,2.760,2.671,-0.696
345.532,2762,2.762,2.674,-0.690
345.662,2748,2.748,2.662,-0.681
345.793,2737,2.737,2.653,-0.672
345.923,2730,2.730,2.648,-0.664
346.054,2730,2.730,2.650,-0.658
346.185,2721,2.721,2.642,-0.650
346.315,2712,2.712,2.635,-0.642
346.446,2708,2.708,2.633,-0.635
346.577,2698,2.698,2.624,-0.626
346.707,2681,2.681,2.609,-0.616
346.838,2663,2.663,2.593,-0.606
346.968,0,0.000,0.000,-0.000
347.099,2461,2.461,2.399,-0.549
347.230,2446,2.446,2.385,-0.541
347.360,2426,2.426,2.367,-0.531
347.491,2400,2.400,2.343,-0.520
347.621,2374,2.374,2.319,-0.509
347.752,2365,2.365,2.311,-0.502
347.883,2347,2.347,2.295,-0.493
348.013,2349,2.349,2.298,-0.488
348.144,2348,2.348,2.298,-0.482
348.274,2331,2.331,2.282,-0.474
348.405,2343,2.343,2.295,-0.471
348.536,2325,2.325,2.279,-0.462
348.666,2326,2.326,2.281,-0.457
348.797,2335,2.335,2.291,-0.454
348.922,2325,2.325,2.282,-0.447
349.054,2345,2.345,2.302,-0.445
349.187,2342,2.342,2.300,-0.439
349.320,2347,2.347,2.306,-0.435
349.452,2333,2.333,2.294,-0.427
349.585,2327,2.327,2.289,-0.421
349.718,2319,2.319,2.282,-0.414
349.850,2318,2.318,2.282,-0.408
349.983,2309,2.309,2.274,-0.402
350.115,2295,2.295,2.261,-0.394
350.248,2280,2.280,2.247,-0.386
350.381,2295,2.295,2.263,-0.384
350.513,2281,2.281,2.250,-0.376
350.646,2281,2.281,2.251,-0.371
350.778,2287,2.287,2.257,-0.366
350.911,2291,2.291,2.262,-0.362
351.044,2290,2.290,2.262,-0.357
351.176,2286,2.286,2.259,-0.351
351.309,2307,2.307,2.281,-0.349
351.442,2316,2.316,2.290,-0.345
351.574,2320,2.320,2.295,-0.340
351.707,2315,2.315,2.291,-0.334
351.839,2311,2.311,2.288,-0.328
351.972,2313,2.313,2.290,-0.323
352.105,2324,2.324,2.302,-0.319
352.237,0,0.000,0.000,-0.000
352.370,2372,2.372,2.351,-0.315
352.502,2366,2.366,2.346,-0.309
352.635,2350,2.350,2.331,-0.301
352.768,2345,2.345,2.326,-0.295
352.900,2349,2.349,2.331,-0.290
353.033,2394,2.394,2.376,-0.290
353.165,2396,2.396,2.379,-0.285
353.298,2384,2.384,2.368,-0.278
353.431,2385,2.385,2.369,-0.273
353.563,2367,2.367,2.352,-0.265
353.696,2363,2.363,2.349,-0.259
353.829,2363,2.363,2.349,-0.254
353.961,2363,2.363,2.350,-0.249
354.094,2349,2.349,2.337,-0.242
354.219,2344,2.344,2.332,-0.236
354.352,2339,2.339,2.328,-0.230
354.485,2326,2.326,2.315,-0.224
354.618,2332,2.332,2.322,-0.219
354.751,2332,2.332,2.322,-0.213
354.884,2313,2.313,2.304,-0.206
355.017,2316,2.316,2.307,-0.201
355.150,2318,2.318,2.310,-0.196
355.283,2304,2.304,2.296,-0.189
355.416,2305,2.305,2.298,-0.184
355.549,2287,2.287,2.280,-0.177
355.682,2294,2.294,2.287,-0.173
355.815,2294,2.294,2.288,-0.167
355.948,2288,2.288,2.282,-0.162
356.081,0,0.000,0.000,-0.000
356.214,0,0.000,0.000,-0.000
356.347,0,0.000,0.000,-0.000
356.480,0,0.000,0.000,-0.000
356.613,2262,2.262,2.258,-0.134
356.746,2247,2.247,2.243,-0.128
356.879,0,0.000,0.000,-0.000
357.012,0,0.000,0.000,-0.000
357.145,0,0.000,0.000,-0.000
357.278,0,0.000,0.000,-0.000
357.411,1381,1.381,1.380,-0.062
357.544,0,0.000,0.000,-0.000
357.677,2223,2.223,2.221,-0.090
357.810,0,0.000,0.000,-0.000
357.943,0,0.000,0.000,-0.000
358.076,0,0.000,0.000,-0.000
358.209,0,0.000,0.000,-0.000
358.342,2194,2.194,2.193,-0.063
358.475,2197,2.197,2.196,-0.058
358.608,2197,2.197,2.196,-0.053
358.741,0,0.000,0.000,-0.000
358.874,1332,1.332,1.332,-0.026
359.007,0,0.000,0.000,-0.000
359.140,2172,2.172,2.172,-0.033
359.273,0,0.000,0.000,-0.000
359.406,1416,1.416,1.416,-0.015
359.531,0,0.000,0.000,-0.000
359.666,0,0.000,0.000,-0.000
359.800,0,0.000,0.000,-0.000
359.935,1389,1.389,1.389,-0.002
0.070,0,0.000,0.000,0.000
0.204,1277,1.277,1.277,0.005
0.339,1210,1.210,1.210,0.007
0.474,1292,1.292,1.292,0.011
0.608,1213,1.213,1.213,0.013
0.743,1199,1.199,1.199,0.016
0.877,0,0.000,0.000,0.000
1.012,0,0.000,0.000,0.000
1.147,0,0.000,0.000,0.000
1.281,0,0.000,0.000,0.000
1.416,0,0.000,0.000,0.000
1.550,0,0.000,0.000,0.000
1.685,0,0.000,0.000,0.000
1.820,0,0.000,0.000,0.000
1.954,0,0.000,0.000,0.000
2.089,532,0.532,0.532,0.019
2.224,518,0.518,0.518,0.020
2.358,504,0.504,0.504,0.021
2.493,476,0.476,0.476,0.021
2.627,455,0.455,0.455,0.021
2.762,431,0.431,0.430,0.021
2.897,415,0.415,0.414,0.021
3.031,413,0.413,0.412,0.022
3.166,407,0.407,0.406,0.022
3.300,393,0.393,0.392,0.023
3.435,393,0.393,0.392,0.024
3.570,394,0.394,0.393,0.025
3.704,394,0.394,0.393,0.025
3.839,395,0.395,0.394,0.026
3.974,382,0.382,0.381,0.026
4.108,382,0.382,0.381,0.027
4.243,380,0.380,0.379,0.028
4.377,0,0.000,0.000,0.000
4.512,0,0.000,0.000,0.000
4.647,0,0.000,0.000,0.000
4.781,0,0.000,0.000,0.000
4.891,0,0.000,0.000,0.000
5.024,0,0.000,0.000,0.000
5.157,0,0.000,0.000,0.000
5.290,0,0.000,0.000,0.000
5.423,183,0.183,0.182,0.017
5.556,185,0.185,0.184,0.018
5.689,186,0.186,0.185,0.018
5.822,187,0.187,0.186,0.019
5.955,194,0.194,0.193,0.020
6.088,189,0.189,0.188,0.020
6.221,190,0.190,0.189,0.021
6.354,182,0.182,0.181,0.020
6.487,0,0.000,0.000,0.000
6.620,190,0.190,0.189,0.022
6.753,192,0.192,0.191,0.023
6.886,193,0.193,0.192,0.023
7.019,193,0.193,0.192,0.024
7.152,190,0.190,0.189,0.024
7.285,190,0.190,0.188,0.024
7.418,190,0.190,0.188,0.025
7.551,189,0.189,0.187,0.025
7.684,189,0.189,0.187,0.025
7.817,0,0.000,0.000,0.000
7.950,0,0.000,0.000,0.000
8.083,0,0.000,0.000,0.000
8.216,0,0.000,0.000,0.000
8.349,176,0.176,0.174,0.026
8.482,176,0.176,0.174,0.026
8.615,176,0.176,0.174,0.026
8.748,176,0.176,0.174,0.027
8.881,176,0.176,0.174,0.027
9.014,176,0.176,0.174,0.028
9.147,177,0.177,0.175,0.028
9.280,177,0.177,0.175,0.029
9.413,176,0.176,0.174,0.029
9.546,177,0.177,0.175,0.029
9.679,177,0.177,0.174,0.030
9.812,176,0.176,0.173,0.030
9.945,177,0.177,0.174,0.031
10.078,177,0.177,0.174,0.031
10.203,177,0.177,0.174,0.031
10.334,178,0.178,0.175,0.032
10.465,178,0.178,0.175,0.032
10.596,179,0.179,0.176,0.033
10.727,179,0.179,0.176,0.033
10.858,179,0.179,0.176,0.034
10.989,179,0.179,0.176,0.034
11.120,179,0.179,0.176,0.035
11.251,179,0.179,0.176,0.035
11.382,179,0.179,0.175,0.035
11.513,179,0.179,0.175,0.036
11.644,180,0.180,0.176,0.036
11.775,179,0.179,0.175,0.037
11.906,0,0.000,0.000,0.000
12.037,0,0.000,0.000,0.000
12.168,0,0.000,0.000,0.000
12.299,179,0.179,0.175,0.038
12.430,180,0.180,0.176,0.039
12.561,0,0.000,0.000,0.000
12.692,167,0.167,0.163,0.037
12.823,166,0.166,0.162,0.037
12.954,167,0.167,0.163,0.037
13.085,167,0.167,0.163,0.038
13.216,168,0.168,0.164,0.038
13.347,167,0.167,0.162,0.039
13.478,167,0.167,0.162,0.039
13.609,168,0.168,0.163,0.040
13.740,167,0.167,0.162,0.040
13.871,168,0.168,0.163,0.040
14.002,167,0.167,0.162,0.040
14.133,167,0.167,0.162,0.041
14.264,168,0.168,0.163,0.041
14.395,167,0.167,0.162,0.042
14.526,166,0.166,0.161,0.042
14.657,166,0.166,0.161,0.042
14.788,165,0.165,0.160,0.042
14.919,165,0.165,0.159,0.042
15.050,166,0.166,0.160,0.043
15.181,165,0.165,0.159,0.043
15.312,166,0.166,0.160,0.044
15.438,165,0.165,0.159,0.044
15.570,165,0.165,0.159,0.044
15.703,165,0.165,0.159,0.045
15.835,163,0.163,0.157,0.044
15.968,164,0.164,0.158,0.045
16.101,0,0.000,0.000,0.000
16.233,0,0.000,0.000,0.000
16.366,0,0.000,0.000,0.000
16.498,163,0.163,0.156,0.046
16.631,163,0.163,0.156,0.047
16.764,163,0.163,0.156,0.047
16.896,0,0.000,0.000,0.000
17.029,0,0.000,0.000,0.000
17.161,0,0.000,0.000,0.000
17.294,0,0.000,0.000,0.000
17.427,0,0.000,0.000,0.000
17.559,0,0.000,0.000,0.000
17.692,0,0.000,0.000,0.000
17.825,0,0.000,0.000,0.000
17.957,0,0.000,0.000,0.000
18.090,0,0.000,0.000,0.000
18.222,175,0.175,0.166,0.055
18.355,175,0.175,0.166,0.055
18.488,175,0.175,0.166,0.055
18.620,0,0.000,0.000,0.000
18.753,162,0.162,0.153,0.052
18.885,162,0.162,0.153,0.052
19.018,163,0.163,0.154,0.053
19.151,163,0.163,0.154,0.053
19.283,163,0.163,0.154,0.054
19.416,165,0.165,0.156,0.055
19.548,166,0.166,0.156,0.056
19.681,166,0.166,0.156,0.056
19.814,167,0.167,0.157,0.057
19.946,167,0.167,0.157,0.057
20.079,168,0.168,0.158,0.058
20.212,168,0.168,0.158,0.058
20.344,0,0.000,0.000,0.000
20.477,155,0.155,0.145,0.054
20.609,0,0.000,0.000,0.000
20.734,0,0.000,0.000,0.000
20.867,0,0.000,0.000,0.000
21.000,157,0.157,0.147,0.056
21.132,156,0.156,0.146,0.056
21.265,157,0.157,0.146,0.057
21.397,158,0.158,0.147,0.058
21.530,157,0.157,0.146,0.058
21.663,159,0.159,0.148,0.059
21.795,159,0.159,0.148,0.059
21.928,160,0.160,0.148,0.060
22.060,160,0.160,0.148,0.060
22.193,160,0.160,0.148,0.060
22.326,161,0.161,0.149,0.061
22.458,160,0.160,0.148,0.061
22.591,161,0.161,0.149,0.062
22.724,161,0.161,0.149,0.062
22.856,161,0.161,0.148,0.063
22.989,160,0.160,0.147,0.062
23.121,161,0.161,0.148,0.063
23.254,161,0.161,0.148,0.064
23.387,161,0.161,0.148,0.064
23.519,161,0.161,0.148,0.064
23.652,162,0.162,0.148,0.065
23.784,161,0.161,0.147,0.065
23.917,161,0.161,0.147,0.065
24.050,162,0.162,0.148,0.066
24.182,162,0.162,0.148,0.066
24.315,162,0.162,0.148,0.067
24.448,162,0.162,0.147,0.067
24.580,159,0.159,0.145,0.066
24.713,159,0.159,0.144,0.066
24.845,158,0.158,0.143,0.066
24.978,157,0.157,0.142,0.066
25.111,156,0.156,0.141,0.066
25.243,155,0.155,0.140,0.066
25.376,155,0.155,0.140,0.066
25.508,154,0.154,0.139,0.066
25.641,154,0.154,0.139,0.067
25.774,153,0.153,0.138,0.067
25.906,0,0.000,0.000,0.000
26.078,165,0.165,0.148,0.073
26.211,164,0.164,0.147,0.072
26.343,163,0.163,0.146,0.072
26.476,162,0.162,0.145,0.072
26.609,161,0.161,0.144,0.072
26.741,161,0.161,0.144,0.072
26.874,161,0.161,0.144,0.073
27.006,161,0.161,0.143,0.073
27.139,161,0.161,0.143,0.073
27.272,161,0.161,0.143,0.074
27.404,161,0.161,0.143,0.074
27.537,161,0.161,0.143,0.074
27.669,161,0.161,0.143,0.075
27.802,161,0.161,0.142,0.075
27.935,161,0.161,0.142,0.075
28.067,162,0.162,0.143,0.076
28.200,162,0.162,0.143,0.077
28.333,163,0.163,0.143,0.077
28.465,163,0.163,0.143,0.078
28.598,164,0.164,0.144,0.078
28.730,0,0.000,0.000,0.000
28.863,179,0.179,0.157,0.086
28.996,179,0.179,0.157,0.087
29.128,179,0.179,0.156,0.087
29.261,179,0.179,0.156,0.087
29.393,179,0.179,0.156,0.088
29.526,179,0.179,0.156,0.088
29.659,179,0.179,0.156,0.089
29.791,178,0.178,0.154,0.088
29.924,178,0.178,0.154,0.089
30.056,178,0.178,0.154,0.089
30.189,178,0.178,0.154,0.090
30.322,0,0.000,0.000,0.000
30.454,157,0.157,0.135,0.080
30.587,161,0.161,0.139,0.082
30.720,165,0.165,0.142,0.084
30.852,157,0.157,0.135,0.081
30.985,159,0.159,0.136,0.082
31.117,0,0.000,0.000,0.000
31.250,0,0.000,0.000,0.000
31.375,0,0.000,0.000,0.000
31.506,160,0.160,0.136,0.084
31.637,161,0.161,0.137,0.084
31.768,160,0.160,0.136,0.084
31.899,162,0.162,0.138,0.086
32.030,163,0.163,0.138,0.086
32.161,163,0.163,0.138,0.087
32.292,163,0.163,0.138,0.087
32.423,162,0.162,0.137,0.087
32.554,163,0.163,0.137,0.088
32.685,163,0.163,0.137,0.088
32.816,163,0.163,0.137,0.088
32.947,163,0.163,0.137,0.089
33.078,163,0.163,0.137,0.089
33.209,163,0.163,0.136,0.089
33.340,162,0.162,0.135,0.089
33.471,163,0.163,0.136,0.090
33.602,163,0.163,0.136,0.090
33.733,163,0.163,0.136,0.091
33.864,163,0.163,0.135,0.091
33.995,163,0.163,0.135,0.091
34.126,163,0.163,0.135,0.091
34.257,163,0.163,0.135,0.092
34.388,163,0.163,0.135,0.092
34.519,163,0.163,0.134,0.092
34.650,163,0.163,0.134,0.093
34.781,163,0.163,0.134,0.093
34.912,162,0.162,0.133,0.093
35.043,162,0.162,0.133,0.093
35.174,162,0.162,0.132,0.093
35.305,161,0.161,0.131,0.093
35.436,162,0.162,0.132,0.094
35.567,161,0.161,0.131,0.094
35.698,159,0.159,0.129,0.093
35.829,167,0.167,0.135,0.098
35.960,158,0.158,0.128,0.093
36.091,158,0.158,0.128,0.093
36.222,156,0.156,0.126,0.092
36.353,155,0.155,0.125,0.092
36.484,153,0.153,0.123,0.091
36.609,151,0.151,0.121,0.090
36.744,150,0.150,0.120,0.090
36.878,0,0.000,0.000,0.000
37.012,163,0.163,0.130,0.098
37.146,162,0.162,0.129,0.098
37.280,161,0.161,0.128,0.098
37.415,161,0.161,0.128,0.098
37.549,161,0.161,0.128,0.098
37.683,161,0.161,0.127,0.098
37.817,161,0.161,0.127,0.099
37.952,161,0.161,0.127,0.099
38.086,162,0.162,0.128,0.100
38.220,163,0.163,0.128,0.101
38.354,164,0.164,0.129,0.102
38.488,0,0.000,0.000,0.000
38.623,178,0.178,0.139,0.111
38.757,0,0.000,0.000,0.000
38.891,0,0.000,0.000,0.000
39.025,0,0.000,0.000,0.000
39.159,177,0.177,0.137,0.112
39.294,177,0.177,0.137,0.112
39.428,177,0.177,0.137,0.112
39.562,177,0.177,0.136,0.113
39.696,177,0.177,0.136,0.113
39.831,177,0.177,0.136,0.113
39.965,178,0.178,0.136,0.114
40.099,177,0.177,0.135,0.114
40.233,176,0.176,0.134,0.114
40.367,176,0.176,0.134,0.114
40.502,176,0.176,0.134,0.114
40.636,175,0.175,0.133,0.114
40.770,173,0.173,0.131,0.113
40.904,173,0.173,0.131,0.113
41.038,172,0.172,0.130,0.113
41.173,174,0.174,0.131,0.115
41.307,175,0.175,0.131,0.116
41.441,175,0.175,0.131,0.116
41.575,166,0.166,0.124,0.110
41.710,164,0.164,0.122,0.109
41.844,163,0.163,0.121,0.109
41.969,166,0.166,0.123,0.111
42.101,167,0.167,0.124,0.112
42.233,175,0.175,0.130,0.118
42.365,179,0.179,0.132,0.121
42.498,0,0.000,0.000,0.000
42.630,161,0.161,0.118,0.109
42.762,162,0.162,0.119,0.110
42.894,161,0.161,0.118,0.110
43.026,161,0.161,0.118,0.110
43.159,161,0.161,0.117,0.110
43.291,161,0.161,0.117,0.110
43.423,162,0.162,0.118,0.111
43.555,161,0.161,0.117,0.111
43.688,162,0.162,0.117,0.112
43.820,162,0.162,0.117,0.112
43.952,162,0.162,0.117,0.112
44.084,163,0.163,0.117,0.113
44.216,162,0.162,0.116,0.113
44.349,162,0.162,0.116,0.113
44.481,162,0.162,0.116,0.114
44.613,162,0.162,0.115,0.114
44.745,161,0.161,0.114,0.113
44.877,161,0.161,0.114,0.114
45.010,162,0.162,0.115,0.115
45.142,162,0.162,0.114,0.115
45.274,161,0.161,0.113,0.114
45.406,162,0.162,0.114,0.115
45.538,162,0.162,0.113,0.116
45.671,161,0.161,0.113,0.115
45.803,161,0.161,0.112,0.115
45.935,161,0.161,0.112,0.116
46.067,161,0.161,0.112,0.116
46.200,161,0.161,0.111,0.116
46.332,161,0.161,0.111,0.116
46.464,161,0.161,0.111,0.117
46.596,161,0.161,0.111,0.117
46.728,161,0.161,0.110,0.117
46.861,161,0.161,0.110,0.117
46.993,161,0.161,0.110,0.118
47.125,161,0.161,0.110,0.118
47.250,162,0.162,0.110,0.119
47.384,164,0.164,0.111,0.121
47.518,164,0.164,0.111,0.121
47.653,164,0.164,0.110,0.121
47.787,164,0.164,0.110,0.121
47.921,163,0.163,0.109,0.121
48.055,163,0.163,0.109,0.121
48.190,164,0.164,0.109,0.122
48.324,164,0.164,0.109,0.122
48.458,164,0.164,0.109,0.123
48.592,165,0.165,0.109,0.124
48.726,165,0.165,0.109,0.124
48.861,164,0.164,0.108,0.124
48.995,163,0.163,0.107,0.123
49.129,162,0.162,0.106,0.123
49.263,161,0.161,0.105,0.122
49.397,161,0.161,0.105,0.122
49.532,161,0.161,0.104,0.122
49.666,161,0.161,0.104,0.123
49.800,161,0.161,0.104,0.123
49.934,161,0.161,0.104,0.123
50.069,161,0.161,0.103,0.123
50.203,161,0.161,0.103,0.124
50.337,161,0.161,0.103,0.124
50.471,161,0.161,0.102,0.124
50.605,161,0.161,0.102,0.124
50.740,0,0.000,0.000,0.000
50.874,176,0.176,0.111,0.137
51.008,176,0.176,0.111,0.137
51.142,176,0.176,0.110,0.137
51.276,176,0.176,0.110,0.137
51.411,177,0.177,0.110,0.138
51.545,177,0.177,0.110,0.139
51.679,178,0.178,0.110,0.140
51.813,179,0.179,0.111,0.141
51.948,179,0.179,0.110,0.141
52.082,179,0.179,0.110,0.141
52.216,179,0.179,0.110,0.141
52.350,178,0.178,0.109,0.141
52.484,177,0.177,0.108,0.140
52.609,175,0.175,0.106,0.139
52.742,184,0.184,0.111,0.146
52.875,0,0.000,0.000,0.000
53.007,169,0.169,0.102,0.135
53.140,167,0.167,0.100,0.134
53.272,0,0.000,0.000,0.000
53.405,180,0.180,0.107,0.145
53.538,180,0.180,0.107,0.145
53.670,179,0.179,0.106,0.144
53.803,179,0.179,0.106,0.144
53.935,180,0.180,0.106,0.146
54.068,180,0.180,0.106,0.146
54.201,180,0.180,0.105,0.146
54.333,181,0.181,0.106,0.147
54.466,181,0.181,0.105,0.147
54.599,0,0.000,0.000,0.000
54.731,0,0.000,0.000,0.000
54.864,0,0.000,0.000,0.000
54.996,169,0.169,0.097,0.138
55.129,0,0.000,0.000,0.000
55.262,0,0.000,0.000,0.000
55.394,0,0.000,0.000,0.000
55.527,170,0.170,0.096,0.140
55.659,172,0.172,0.097,0.142
55.792,172,0.172,0.097,0.142
55.925,173,0.173,0.097,0.143
56.057,174,0.174,0.097,0.144
56.190,175,0.175,0.097,0.145
56.323,175,0.175,0.097,0.146
56.455,176,0.176,0.097,0.147
56.588,176,0.176,0.097,0.147
56.720,175,0.175,0.096,0.146
56.853,176,0.176,0.096,0.147
56.986,177,0.177,0.096,0.148
57.118,178,0.178,0.097,0.149
57.251,178,0.178,0.096,0.150
57.383,182,0.182,0.098,0.153
57.516,182,0.182,0.098,0.154
57.649,184,0.184,0.098,0.155
57.781,185,0.185,0.099,0.157
57.906,184,0.184,0.098,0.156
58.040,181,0.181,0.096,0.154
58.174,183,0.183,0.097,0.155
58.308,186,0.186,0.098,0.158
58.442,190,0.190,0.099,0.162
58.575,187,0.187,0.097,0.160
58.709,185,0.185,0.096,0.158
58.843,185,0.185,0.096,0.158
58.977,182,0.182,0.094,0.156
59.111,183,0.183,0.094,0.157
59.244,183,0.183,0.094,0.157
59.378,185,0.185,0.094,0.159
59.512,186,0.186,0.094,0.160
59.646,187,0.187,0.094,0.161
59.780,189,0.189,0.095,0.163
59.913,189,0.189,0.095,0.164
60.047,187,0.187,0.093,0.162
60.181,190,0.190,0.094,0.165
60.315,186,0.186,0.092,0.162
60.449,185,0.185,0.091,0.161
60.583,180,0.180,0.088,0.157
60.716,179,0.179,0.088,0.156
60.850,176,0.176,0.086,0.154
60.984,176,0.176,0.085,0.154
61.118,0,0.000,0.000,0.000
61.252,0,0.000,0.000,0.000
61.385,0,0.000,0.000,0.000
61.519,181,0.181,0.086,0.159
61.653,181,0.181,0.086,0.159
61.787,185,0.185,0.087,0.163
61.921,179,0.179,0.084,0.158
62.054,179,0.179,0.084,0.158
62.188,178,0.178,0.083,0.157
62.322,178,0.178,0.083,0.158
62.456,190,0.190,0.088,0.168
62.590,193,0.193,0.089,0.171
62.724,188,0.188,0.086,0.167
62.857,195,0.195,0.089,0.174
62.991,192,0.192,0.087,0.171
63.125,189,0.189,0.085,0.169
63.250,186,0.186,0.084,0.166
63.382,184,0.184,0.082,0.164
63.514,0,0.000,0.000,0.000
63.647,196,0.196,0.087,0.176
63.779,196,0.196,0.087,0.176
63.911,184,0.184,0.081,0.165
64.043,189,0.189,0.083,0.170
64.175,191,0.191,0.083,0.172
64.308,189,0.189,0.082,0.170
64.440,187,0.187,0.081,0.169
64.572,195,0.195,0.084,0.176
64.704,194,0.194,0.083,0.175
64.837,190,0.190,0.081,0.172
64.969,188,0.188,0.080,0.170
65.101,198,0.198,0.083,0.180
65.233,195,0.195,0.082,0.177
65.365,0,0.000,0.000,0.000
65.498,185,0.185,0.077,0.168
65.630,178,0.178,0.073,0.162
65.762,0,0.000,0.000,0.000
65.894,163,0.163,0.067,0.149
66.026,154,0.154,0.063,0.141
66.159,0,0.000,0.000,0.000
66.291,166,0.166,0.067,0.152
66.423,0,0.000,0.000,0.000
66.555,161,0.161,0.064,0.148
66.688,0,0.000,0.000,0.000
66.820,175,0.175,0.069,0.161
66.952,181,0.181,0.071,0.167
67.084,189,0.189,0.074,0.174
67.216,197,0.197,0.076,0.182
67.349,200,0.200,0.077,0.185
67.481,202,0.202,0.077,0.187
67.613,206,0.206,0.078,0.190
67.745,195,0.195,0.074,0.180
67.877,0,0.000,0.000,0.000
68.010,202,0.202,0.076,0.187
68.142,203,0.203,0.076,0.188
68.274,204,0.204,0.076,0.190
68.406,205,0.205,0.075,0.191
68.531,204,0.204,0.075,0.190
68.663,202,0.202,0.073,0.188
68.796,200,0.200,0.072,0.186
68.928,212,0.212,0.076,0.198
69.060,211,0.211,0.075,0.197
69.192,210,0.210,0.075,0.196
69.325,211,0.211,0.074,0.197
69.457,213,0.213,0.075,0.199
69.589,201,0.201,0.070,0.188
69.721,207,0.207,0.072,0.194
69.853,211,0.211,0.073,0.198
69.986,217,0.217,0.074,0.204
70.118,206,0.206,0.070,0.194
70.250,208,0.208,0.070,0.196
70.382,209,0.209,0.070,0.197
70.514,209,0.209,0.070,0.197
70.647,210,0.210,0.070,0.198
70.779,211,0.211,0.069,0.199
70.911,211,0.211,0.069,0.199
71.043,0,0.000,0.000,0.000
71.175,195,0.195,0.063,0.185
71.308,0,0.000,0.000,0.000
71.440,202,0.202,0.064,0.191
71.572,198,0.198,0.063,0.188
71.704,200,0.200,0.063,0.190
71.837,205,0.205,0.064,0.195
71.969,205,0.205,0.063,0.195
72.101,201,0.201,0.062,0.191
72.233,207,0.207,0.063,0.197
72.365,207,0.207,0.063,0.197
72.498,207,0.207,0.062,0.197
72.630,204,0.204,0.061,0.195
72.762,211,0.211,0.063,0.202
72.894,211,0.211,0.062,0.202
73.026,210,0.210,0.061,0.201
73.159,212,0.212,0.061,0.203
73.291,219,0.219,0.063,0.210
73.423,222,0.222,0.063,0.213
73.555,222,0.222,0.063,0.213
73.688,223,0.223,0.063,0.214
73.797,224,0.224,0.063,0.215
73.931,219,0.219,0.061,0.210
74.065,224,0.224,0.062,0.215
74.198,224,0.224,0.061,0.216
74.332,223,0.223,0.060,0.215
74.466,224,0.224,0.060,0.216
74.600,219,0.219,0.058,0.211
74.734,223,0.223,0.059,0.215
74.867,222,0.222,0.058,0.214
75.001,220,0.220,0.057,0.213
75.135,216,0.216,0.055,0.209
75.269,220,0.220,0.056,0.213
75.403,218,0.218,0.055,0.211
75.536,232,0.232,0.058,0.225
75.670,231,0.231,0.057,0.224
75.804,230,0.230,0.056,0.223
75.938,229,0.229,0.056,0.222
76.072,230,0.230,0.055,0.223
76.206,230,0.230,0.055,0.223
76.339,225,0.225,0.053,0.219
76.473,231,0.231,0.054,0.225
76.607,231,0.231,0.054,0.225
76.741,229,0.229,0.053,0.223
76.875,232,0.232,0.053,0.226
77.008,231,0.231,0.052,0.225
77.142,233,0.233,0.052,0.227
77.276,233,0.233,0.051,0.227
77.410,234,0.234,0.051,0.228
77.544,235,0.235,0.051,0.229
77.677,236,0.236,0.050,0.231
77.811,237,0.237,0.050,0.232
77.945,238,0.238,0.050,0.233
78.079,238,0.238,0.049,0.233
78.213,237,0.237,0.048,0.232
78.347,236,0.236,0.048,0.231
78.480,234,0.234,0.047,0.229
78.614,238,0.238,0.047,0.233
78.748,238,0.238,0.046,0.233
78.882,238,0.238,0.046,0.234
79.016,238,0.238,0.045,0.234
79.141,238,0.238,0.045,0.234
79.271,237,0.237,0.044,0.233
79.402,237,0.237,0.044,0.233
79.532,238,0.238,0.043,0.234
79.663,238,0.238,0.043,0.234
79.794,238,0.238,0.042,0.234
79.924,238,0.238,0.042,0.234
80.055,238,0.238,0.041,0.234
80.185,236,0.236,0.040,0.233
80.316,236,0.236,0.040,0.233
80.447,250,0.250,0.041,0.247
80.577,237,0.237,0.039,0.234
80.708,237,0.237,0.038,0.234
80.839,251,0.251,0.040,0.248
80.969,251,0.251,0.039,0.248
81.100,252,0.252,0.039,0.249
81.230,237,0.237,0.036,0.234
81.361,251,0.251,0.038,0.248
81.492,251,0.251,0.037,0.248
81.622,250,0.250,0.036,0.247
81.753,251,0.251,0.036,0.248
81.883,251,0.251,0.035,0.248
82.014,252,0.252,0.035,0.250
82.145,252,0.252,0.034,0.250
82.275,252,0.252,0.034,0.250
82.406,252,0.252,0.033,0.250
82.536,250,0.250,0.032,0.248
82.667,252,0.252,0.032,0.250
82.798,251,0.251,0.031,0.249
82.928,248,0.248,0.031,0.246
83.059,248,0.248,0.030,0.246
83.190,262,0.262,0.031,0.260
83.320,262,0.262,0.030,0.260
83.451,263,0.263,0.030,0.261
83.581,265,0.265,0.030,0.263
83.712,272,0.272,0.030,0.270
83.843,269,0.269,0.029,0.267
83.973,269,0.269,0.028,0.268
84.104,269,0.269,0.028,0.268
84.234,270,0.270,0.027,0.269
84.359,269,0.269,0.026,0.268
84.494,269,0.269,0.026,0.268
84.629,272,0.272,0.025,0.271
84.763,272,0.272,0.025,0.271
84.898,272,0.272,0.024,0.271
85.032,274,0.274,0.024,0.273
85.167,274,0.274,0.023,0.273
85.302,274,0.274,0.022,0.273
85.436,260,0.260,0.021,0.259
85.571,272,0.272,0.021,0.271
85.706,271,0.271,0.020,0.270
85.840,269,0.269,0.020,0.268
85.975,269,0.269,0.019,0.268
86.109,267,0.267,0.018,0.266
86.244,268,0.268,0.018,0.267
86.379,264,0.264,0.017,0.263
86.513,263,0.263,0.016,0.263
86.648,261,0.261,0.015,0.261
86.782,259,0.259,0.015,0.259
86.917,257,0.257,0.014,0.257
87.052,255,0.255,0.013,0.255
87.186,256,0.256,0.013,0.256
87.321,255,0.255,0.012,0.255
87.456,254,0.254,0.011,0.254
87.590,266,0.266,0.011,0.266
87.725,250,0.250,0.010,0.250
87.859,249,0.249,0.009,0.249
87.994,262,0.262,0.009,0.262
88.129,262,0.262,0.009,0.262
88.263,264,0.264,0.008,0.264
88.398,266,0.266,0.007,0.266
88.532,265,0.265,0.007,0.265
88.667,262,0.262,0.006,0.262
88.802,257,0.257,0.005,0.257
88.936,254,0.254,0.005,0.254
89.071,252,0.252,0.004,0.252
89.206,250,0.250,0.003,0.250
89.340,249,0.249,0.003,0.249
89.475,259,0.259,0.002,0.259
89.609,256,0.256,0.002,0.256
89.734,255,0.255,0.001,0.255
89.867,253,0.253,0.001,0.253
90.000,253,0.253,0.000,0.253
90.132,253,0.253,-0.001,0.253
90.265,254,0.254,-0.001,0.254
90.397,254,0.254,-0.002,0.254
90.530,240,0.240,-0.002,0.240
90.663,240,0.240,-0.003,0.240
90.795,254,0.254,-0.004,0.254
90.928,253,0.253,-0.004,0.253
91.060,253,0.253,-0.005,0.253
91.193,253,0.253,-0.005,0.253
91.326,252,0.252,-0.006,0.252
91.458,251,0.251,-0.006,0.251
91.591,249,0.249,-0.007,0.249
91.724,246,0.246,-0.007,0.246
91.856,255,0.255,-0.008,0.255
91.989,248,0.248,-0.009,0.248
92.121,246,0.246,-0.009,0.246
92.254,237,0.237,-0.009,0.237
92.387,233,0.233,-0.010,0.233
92.519,242,0.242,-0.011,0.242
92.652,245,0.245,-0.011,0.245
92.784,237,0.237,-0.012,0.237
92.917,245,0.245,-0.012,0.245
93.050,241,0.241,-0.013,0.241
93.182,228,0.228,-0.013,0.228
93.315,242,0.242,-0.014,0.242
93.448,237,0.237,-0.014,0.237
93.580,229,0.229,-0.014,0.229
93.713,229,0.229,-0.015,0.229
93.845,219,0.219,-0.015,0.219
93.978,207,0.207,-0.014,0.207
94.111,0,0.000,-0.000,0.000
94.243,188,0.188,-0.014,0.187
94.376,180,0.180,-0.014,0.179
94.508,0,0.000,-0.000,0.000
94.641,157,0.157,-0.013,0.156
94.774,157,0.157,-0.013,0.156
94.906,157,0.157,-0.013,0.156
95.031,0,0.000,-0.000,0.000
95.164,138,0.138,-0.012,0.137
95.297,0,0.000,-0.000,0.000
95.430,140,0.140,-0.013,0.139
95.563,140,0.140,-0.014,0.139
95.696,0,0.000,-0.000,0.000
95.829,0,0.000,-0.000,0.000
95.962,0,0.000,-0.000,0.000
96.095,0,0.000,-0.000,0.000
96.228,0,0.000,-0.000,0.000
96.361,0,0.000,-0.000,0.000
96.494,0,0.000,-0.000,0.000
96.627,0,0.000,-0.000,0.000
96.760,0,0.000,-0.000,0.000
96.893,0,0.000,-0.000,0.000
97.026,0,0.000,-0.000,0.000
97.159,142,0.142,-0.018,0.141
97.292,143,0.143,-0.018,0.142
97.425,0,0.000,-0.000,0.000
97.558,0,0.000,-0.000,0.000
97.692,0,0.000,-0.000,0.000
97.825,0,0.000,-0.000,0.000
97.958,0,0.000,-0.000,0.000
98.091,0,0.000,-0.000,0.000
98.224,0,0.000,-0.000,0.000
98.357,150,0.150,-0.022,0.148
98.490,0,0.000,-0.000,0.000
98.623,0,0.000,-0.000,0.000
98.756,0,0.000,-0.000,0.000
98.889,0,0.000,-0.000,0.000
99.022,198,0.198,-0.031,0.196
99.155,0,0.000,-0.000,0.000
99.288,0,0.000,-0.000,0.000
99.421,0,0.000,-0.000,0.000
99.554,202,0.202,-0.034,0.199
99.687,0,0.000,-0.000,0.000
99.820,216,0.216,-0.037,0.213
99.953,225,0.225,-0.039,0.222
100.086,228,0.228,-0.040,0.224
100.219,217,0.217,-0.038,0.214
100.406,215,0.215,-0.039,0.211
100.539,225,0.225,-0.041,0.221
100.672,232,0.232,-0.043,0.228
100.805,223,0.223,-0.042,0.219
100.938,219,0.219,-0.042,0.215
101.071,229,0.229,-0.044,0.225
101.204,219,0.219,-0.043,0.215
101.337,224,0.224,-0.044,0.220
101.470,228,0.228,-0.045,0.223
101.603,230,0.230,-0.046,0.225
101.736,217,0.217,-0.044,0.212
101.869,219,0.219,-0.045,0.214
102.002,220,0.220,-0.046,0.215
102.135,223,0.223,-0.047,0.218
102.268,227,0.227,-0.048,0.222
102.401,228,0.228,-0.049,0.223
102.534,232,0.232,-0.050,0.226
102.667,236,0.236,-0.052,0.230
102.800,225,0.225,-0.050,0.219
102.933,226,0.226,-0.051,0.220
103.067,214,0.214,-0.048,0.208
103.200,215,0.215,-0.049,0.209
103.333,210,0.210,-0.048,0.204
103.466,213,0.213,-0.050,0.207
103.599,225,0.225,-0.053,0.219
103.732,225,0.225,-0.053,0.219
103.865,225,0.225,-0.054,0.218
103.998,212,0.212,-0.051,0.206
104.131,213,0.213,-0.052,0.207
104.264,214,0.214,-0.053,0.207
104.397,217,0.217,-0.054,0.210
104.530,221,0.221,-0.055,0.214
104.663,209,0.209,-0.053,0.202
104.796,0,0.000,-0.000,0.000
104.929,220,0.220,-0.057,0.213
105.062,220,0.220,-0.057,0.212
105.195,222,0.222,-0.058,0.214
105.328,207,0.207,-0.055,0.200
105.461,207,0.207,-0.055,0.200
105.594,207,0.207,-0.056,0.199
105.703,208,0.208,-0.056,0.200
105.838,205,0.205,-0.056,0.197
105.973,206,0.206,-0.057,0.198
106.108,212,0.212,-0.059,0.204
106.244,212,0.212,-0.059,0.204
106.379,213,0.213,-0.060,0.204
106.514,208,0.208,-0.059,0.199
106.649,196,0.196,-0.056,0.188
106.784,198,0.198,-0.057,0.190
106.919,200,0.200,-0.058,0.191
107.054,200,0.200,-0.059,0.191
107.189,188,0.188,-0.056,0.180
107.324,187,0.187,-0.056,0.179
107.460,188,0.188,-0.056,0.179
107.595,188,0.188,-0.057,0.179
107.730,187,0.187,-0.057,0.178
107.865,187,0.187,-0.057,0.178
108.000,187,0.187,-0.058,0.178
